"the_geom","id","piece","_column","occurrence","traduction_anglaise","type","zone_geographique","continent","lat","lng","cartodb_id","remarque","auteur","titre","genre","representation","decennie","publication","decennie2","column2","column3","column4"
"0101000020E610000089B5F814005356409EB5DB2E34D73D40","http://www.geonames.org/6255147","BOYER_AGAMEMNON","5","Asie","Asia","Continent","","","29.84064","89.29688","1","","Boyer, Claude","Agammemnon","Tragédie","1647","40","1680","80","http://dramacode.github.io/bibdramatique/boyer_agamemnon.xml","https://catalogue.bnf.fr/ark:/12148/cb301521083",""
"NaN","http://www.geonames.org/390903","BOYER_AGAMEMNON","15","Grèce","Greece","Pays","Grèce","Europe","39","22","2","","Boyer, Claude","Agammemnon","Tragédie","1647","40","1680","80","http://dramacode.github.io/bibdramatique/boyer_agamemnon.xml","https://catalogue.bnf.fr/ark:/12148/cb301521083",""
"0101000020E61000004300D1CC0AC1364075E9D7C571DD4240","https://pleiades.stoa.org/places/570491","BOYER_AGAMEMNON","34","Mycènes","Mycenae","Ville","Grèce","Europe","37.7300345711","22.7540710459","3","","Boyer, Claude","Agammemnon","Tragédie","1647","40","1680","80","http://dramacode.github.io/bibdramatique/boyer_agamemnon.xml","https://catalogue.bnf.fr/ark:/12148/cb301521083",""
"NaN","https://pleiades.stoa.org/places/541048","BOYER_AGAMEMNON","1","Phocide","Phocis","Région","Grèce","Europe","38.5","22.25","4","","Boyer, Claude","Agammemnon","Tragédie","1647","40","1680","80","http://dramacode.github.io/bibdramatique/boyer_agamemnon.xml","https://catalogue.bnf.fr/ark:/12148/cb301521083",""
"0101000020E6100000DDD3D51D8B8D34401CEF8E8CD5DE4340","https://pleiades.stoa.org/places/530898","BOYER_AGAMEMNON","11","Ilion","Ilion","Ville","Grèce","Europe","39.740892","20.552904","5","","Boyer, Claude","Agammemnon","Tragédie","1647","40","1680","80","http://dramacode.github.io/bibdramatique/boyer_agamemnon.xml","https://catalogue.bnf.fr/ark:/12148/cb301521083",""
"0101000020E6100000F2A1B19E2DCD39401076F7F1D1B44240","https://pleiades.stoa.org/places/560221","BOYER_AGAMEMNON","1","mer Egée","Aegean Sea","Mer","Grèce","Europe","37.4126570185","25.8014773544","6","","Boyer, Claude","Agammemnon","Tragédie","1647","40","1680","80","http://dramacode.github.io/bibdramatique/boyer_agamemnon.xml","https://catalogue.bnf.fr/ark:/12148/cb301521083",""
"0101000020E61000003BA6EECA2EB83640EB36A8FDD6D04240","https://pleiades.stoa.org/places/570106","BOYER_AGAMEMNON","8","Argos","Argos","Ville","Grèce","Europe","37.631561","22.719464","7","","Boyer, Claude","Agammemnon","Tragédie","1647","40","1680","80","http://dramacode.github.io/bibdramatique/boyer_agamemnon.xml","https://catalogue.bnf.fr/ark:/12148/cb301521083",""
"0101000020E61000001AF2D19F0B3D3A40E08E50288DFA4340","https://pleiades.stoa.org/places/550595","BOYER_AGAMEMNON","19","Troie","Troy","Ville","Anatolie","Asie","39.9574327844","26.2384586227","8","","Boyer, Claude","Agammemnon","Tragédie","1647","40","1680","80","http://dramacode.github.io/bibdramatique/boyer_agamemnon.xml","https://catalogue.bnf.fr/ark:/12148/cb301521083",""
"0101000020E610000063005EE76AF238405963E43607884140","https://pleiades.stoa.org/places/981517","BOYER_AGAMEMNON","2","Crète","Creta","Pays","Grèce","Europe","35.0627201667","24.9469437222","9","","Boyer, Claude","Agammemnon","Tragédie","1647","40","1680","80","http://dramacode.github.io/bibdramatique/boyer_agamemnon.xml","https://catalogue.bnf.fr/ark:/12148/cb301521083",""
"0101000020E61000003E213B6F636D3640F29881CAF8894240","https://pleiades.stoa.org/places/570685","BOYER_AGAMEMNON","9","Sparte","Sparta","Ville","Grèce","Europe","37.077905","22.4272985","10","","Boyer, Claude","Agammemnon","Tragédie","1647","40","1680","80","http://dramacode.github.io/bibdramatique/boyer_agamemnon.xml","https://catalogue.bnf.fr/ark:/12148/cb301521083",""
"0101000020E61000007197EE4647B937403403805685FC4240","https://pleiades.stoa.org/places/579885","BOYER_AGAMEMNON","2","Athènes","Athens","Ville","Grèce","Europe","37.9728191495","23.7237438519","11","","Boyer, Claude","Agammemnon","Tragédie","1647","40","1680","80","http://dramacode.github.io/bibdramatique/boyer_agamemnon.xml","https://catalogue.bnf.fr/ark:/12148/cb301521083",""
"0101000020E61000006CD12C0F65E63640E46592B7F1F24240","https://pleiades.stoa.org/places/570182","BOYER_AGAMEMNON","1","Corinthe","Corinth","Ville","Grèce","Europe","37.8980016198","22.8999795422","12","","Boyer, Claude","Agammemnon","Tragédie","1647","40","1680","80","http://dramacode.github.io/bibdramatique/boyer_agamemnon.xml","https://catalogue.bnf.fr/ark:/12148/cb301521083",""
"0101000020E610000092CCEA1D6EA33440868F882991384340","https://pleiades.stoa.org/places/530905","BOYER_AGAMEMNON","1","Ithaque","Ithaca","Île","Grèce","Europe","38.44193","20.638399","13","","Boyer, Claude","Agammemnon","Tragédie","1647","40","1680","80","http://dramacode.github.io/bibdramatique/boyer_agamemnon.xml","https://catalogue.bnf.fr/ark:/12148/cb301521083",""
"0101000020E61000006CFFA73BFF9634404EF90D9CDEC94340","https://pleiades.stoa.org/places/530871","BOYER_AGAMEMNON","1","Epire","Epirus","Région","Grèce","Europe","39.5771060055","20.589832047","14","","Boyer, Claude","Agammemnon","Tragédie","1647","40","1680","80","http://dramacode.github.io/bibdramatique/boyer_agamemnon.xml","https://catalogue.bnf.fr/ark:/12148/cb301521083",""
"0101000020E6100000B9533A58FF4722400D6C956071584840","http://www.geonames.org/6255148","BOYER_AGAMEMNON","1","Europe","Europa","Continent","","Europe","48.69096","9.14062","15","","Boyer, Claude","Agammemnon","Tragédie","1647","40","1680","80","http://dramacode.github.io/bibdramatique/boyer_agamemnon.xml","https://catalogue.bnf.fr/ark:/12148/cb301521083",""
"0101000020E6100000B9533A58FF4722400D6C956071584840","http://www.geonames.org/6255148","BOYER_AMOURSJUPITERSEMELE","1","Europe","Europa","Continent","","Europe","48.69096","9.14062","16","","Boyer, Claude","Les Amours de Jupiter et Sémélé","Tragédie","1666","60","1666","60","http://dramacode.github.io/bibdramatique/boyer_amoursjupitersemele.xml","https://catalogue.bnf.fr/ark:/12148/cb30152109f","https://gallica.bnf.fr/ark:/12148/bpt6k83827k"
"0101000020E610000026512FF8349F36401F11532289444340","https://pleiades.stoa.org/places/541012","BOYER_AMOURSJUPITERSEMELE","1","Parnasse","Mount Parnassus","Montagne","Grèce","Europe","38.535435","22.621902","17","","Boyer, Claude","Les Amours de Jupiter et Sémélé","Tragédie","1666","60","1666","60","http://dramacode.github.io/bibdramatique/boyer_amoursjupitersemele.xml","https://catalogue.bnf.fr/ark:/12148/cb30152109f","https://gallica.bnf.fr/ark:/12148/bpt6k83827k"
"0101000020E61000003BA6EECA2EB83640EB36A8FDD6D04240","https://pleiades.stoa.org/places/570106","BOYER_AMOURSJUPITERSEMELE","5","Argos","Argos","Ville","Grèce","Europe","37.631561","22.719464","18","","Boyer, Claude","Les Amours de Jupiter et Sémélé","Tragédie","1666","60","1666","60","http://dramacode.github.io/bibdramatique/boyer_amoursjupitersemele.xml","https://catalogue.bnf.fr/ark:/12148/cb30152109f","https://gallica.bnf.fr/ark:/12148/bpt6k83827k"
"0101000020E610000038F6ECB94C5137403D29931ADA284340","https://pleiades.stoa.org/places/541138","BOYER_AMOURSJUPITERSEMELE","5","Thèbes","Thebes","Ville","Grèce","Europe","38.319156","23.317577","19","","Boyer, Claude","Les Amours de Jupiter et Sémélé","Tragédie","1666","60","1666","60","http://dramacode.github.io/bibdramatique/boyer_amoursjupitersemele.xml","https://catalogue.bnf.fr/ark:/12148/cb30152109f","https://gallica.bnf.fr/ark:/12148/bpt6k83827k"
"0101000020E61000003E213B6F636D3640F29881CAF8894240","https://pleiades.stoa.org/places/570685","BOYER_ARISTODEME","8","Sparte","Sparta","Ville","Grèce","Europe","37.077905","22.4272985","20","","Boyer, Claude","Aristodème","Tragédie","1647","40","1648","40","http://dramacode.github.io/tcp5/boyer_aristodeme.xml","https://catalogue.bnf.fr/ark:/12148/cb30152112b","https://gallica.bnf.fr/ark:/12148/bpt6k71607q"
"0101000020E610000093C6681D55D535400000000000A04240","http://www.geonames.org/257149","BOYER_ARISTODEME","6","Messénie","Messinia","Région","Grèce","Europe","37.25","21.83333","21","","Boyer, Claude","Aristodème","Tragédie","1647","40","1648","40","http://dramacode.github.io/tcp5/boyer_aristodeme.xml","https://catalogue.bnf.fr/ark:/12148/cb30152112b","https://gallica.bnf.fr/ark:/12148/bpt6k71607q"
"0101000020E6100000DD0C37E0F3EB35404E9A0645F3964240","https://pleiades.stoa.org/places/570318","BOYER_ARISTODEME","1","mont Ithomé","Ithome","Montagne","Grèce","Europe","37.179299","21.92169","22","","Boyer, Claude","Aristodème","Tragédie","1647","40","1648","40","http://dramacode.github.io/tcp5/boyer_aristodeme.xml","https://catalogue.bnf.fr/ark:/12148/cb30152112b","https://gallica.bnf.fr/ark:/12148/bpt6k71607q"
"0101000020E6100000DD0C37E0F3EB35404E9A0645F3964240","https://pleiades.stoa.org/places/570479","BOYER_ARISTODEME","20","Messène","Messene","Ville","Grèce","Europe","37.179299","21.92169","23","","Boyer, Claude","Aristodème","Tragédie","1647","40","1648","40","http://dramacode.github.io/tcp5/boyer_aristodeme.xml","https://catalogue.bnf.fr/ark:/12148/cb30152112b","https://gallica.bnf.fr/ark:/12148/bpt6k71607q"
"0101000020E610000015973ECFFAF64140AE1FAC10A0D64440","https://pleiades.stoa.org/places/857148","BOYER_ARISTODEME","2","Haly","Kızılırmak","Fleuve","Anatolie","Asie","41.6767598","35.9295291","24","","Boyer, Claude","Aristodème","Tragédie","1647","40","1648","40","http://dramacode.github.io/tcp5/boyer_aristodeme.xml","https://catalogue.bnf.fr/ark:/12148/cb30152112b","https://gallica.bnf.fr/ark:/12148/bpt6k71607q"
"0101000020E61000000000000000804A400000000000004040","http://www.geonames.org/130758","BOYER_ARTAXERCE","6","Perse","Persia","Pays","Orient","Asie","32","53","26","","Boyer, Claude","Artaxerce","Tragédie","1682","80","1683","80","http://dramacode.github.io/bibdramatique/boyer_artaxerce.xml","https://catalogue.bnf.fr/ark:/12148/cb30152113p",""
"0101000020E6100000516D5D1A39364640D0E445DBF6444040","https://pleiades.stoa.org/places/893951","BOYER_ARTAXERCE","2","Babylone","Babylon","Ville","Orient","Asie","32.5387834636","44.4236176449","27","","Boyer, Claude","Artaxerce","Tragédie","1682","80","1683","80","http://dramacode.github.io/bibdramatique/boyer_artaxerce.xml","https://catalogue.bnf.fr/ark:/12148/cb30152113p",""
"0101000020E610000089B5F814005356409EB5DB2E34D73D40","http://www.geonames.org/6255147","BOYER_ARTAXERCE","2","Asie","Asia","Continent","","Asie","29.84064","89.29688","28","","Boyer, Claude","Artaxerce","Tragédie","1682","80","1683","80","http://dramacode.github.io/bibdramatique/boyer_artaxerce.xml","https://catalogue.bnf.fr/ark:/12148/cb30152113p",""
"NaN","http://www.geonames.org/3017382","CORNEILLEP_ANDROMEDE","1","France","France","Pays","France","Europe","46","2","29","","Corneille, Pierre","Andromède","Tragédie","1650","50","1651","50","http://dramacode.github.io/tcp5/corneillep_andromede.xml","https://catalogue.bnf.fr/ark:/12148/cb30271433g","https://gallica.bnf.fr/ark:/12148/bpt6k70397f"
"0101000020E6100000268DD13AAAAA29404963B48EAA6A4540","http://www.geonames.org/3175395","CORNEILLEP_ANDROMEDE","1","Italie","Italy","Pays","Italie","Europe","42.83333","12.83333","30","","Corneille, Pierre","Andromède","Tragédie","1650","50","1651","50","http://dramacode.github.io/tcp5/corneillep_andromede.xml","https://catalogue.bnf.fr/ark:/12148/cb30271433g","https://gallica.bnf.fr/ark:/12148/bpt6k70397f"
"0101000020E6100000EA3E00A94D2C294069520ABABD044340","http://www.geonames.org/6539112","CORNEILLEP_ANDROMEDE","2","Éryce","Erice","Ville","Italie","Europe","38.03704","12.58653","31","Est-ce la bonne ville?","Corneille, Pierre","Andromède","Tragédie","1650","50","1651","50","http://dramacode.github.io/tcp5/corneillep_andromede.xml","https://catalogue.bnf.fr/ark:/12148/cb30271433g","https://gallica.bnf.fr/ark:/12148/bpt6k70397f"
"0101000020E61000002AE44A3D0B344040C311A452EC604140","https://pleiades.stoa.org/places/707586","CORNEILLEP_ANDROMEDE","1","Paphe","Paphos","Ville","Grèce","Europe","34.757212","32.406593","32","","Corneille, Pierre","Andromède","Tragédie","1650","50","1651","50","http://dramacode.github.io/tcp5/corneillep_andromede.xml","https://catalogue.bnf.fr/ark:/12148/cb30271433g","https://gallica.bnf.fr/ark:/12148/bpt6k70397f"
"0101000020E6100000984C158C4A92404008556AF6405B4140","http://www.geonames.org/146822","CORNEILLEP_ANDROMEDE","1","Amathonte","Amathus","Ville","Grèce","Europe","34.71292","33.1429","33","","Corneille, Pierre","Andromède","Tragédie","1650","50","1651","50","http://dramacode.github.io/tcp5/corneillep_andromede.xml","https://catalogue.bnf.fr/ark:/12148/cb30271433g","https://gallica.bnf.fr/ark:/12148/bpt6k70397f"
"0101000020E6100000F747B223A2FB3640624086B8B81E4240","https://pleiades.stoa.org/places/570186","CORNEILLEP_ANDROMEDE","1","Cythère","Cythera","Île","Grèce","Europe","36.2400122314","22.9829428015","34","","Corneille, Pierre","Andromède","Tragédie","1650","50","1651","50","http://dramacode.github.io/tcp5/corneillep_andromede.xml","https://catalogue.bnf.fr/ark:/12148/cb30271433g","https://gallica.bnf.fr/ark:/12148/bpt6k70397f"
"0101000020E61000006CD12C0F65E63640E46592B7F1F24240","https://pleiades.stoa.org/places/570182","CORNEILLEP_MEDEE","9","Corinthe","Corinth","Ville","Grèce","Europe","37.8980016198","22.8999795422","63","","Corneille, Pierre","Médée","Tragédie","1635","30","1639","30","http://dramacode.github.io/tcp5/corneillep_medee.xml","https://catalogue.bnf.fr/ark:/12148/cb30271709f","https://gallica.bnf.fr/ark:/12148/bpt6k71339h"
"0101000020E610000000000000004039404529215855F54340","https://pleiades.stoa.org/places/550693","CORNEILLEP_MEDEE","2","Lemnos","Lemnos","Île","Grèce","Europe","39.916667","25.25","64","","Corneille, Pierre","Médée","Tragédie","1635","30","1639","30","http://dramacode.github.io/tcp5/corneillep_medee.xml","https://catalogue.bnf.fr/ark:/12148/cb30271709f","https://gallica.bnf.fr/ark:/12148/bpt6k71339h"
"0101000020E6100000EAB69FE7AA1B45408C2E6F0ED70F4540","https://pleiades.stoa.org/places/857276","CORNEILLEP_MEDEE","2","Phase","Rioni","Fleuve","Grèce","Europe","42.1237505","42.2161531","65","","Corneille, Pierre","Médée","Tragédie","1635","30","1639","30","http://dramacode.github.io/tcp5/corneillep_medee.xml","https://catalogue.bnf.fr/ark:/12148/cb30271709f","https://gallica.bnf.fr/ark:/12148/bpt6k71339h"
"0101000020E610000000000000008036400000000000C04240","https://pleiades.stoa.org/places/991374","CORNEILLEP_MEDEE","6","Thessalie","Thessalia/Thessaly","Région","Grèce","Europe","37.5","22.5","66","","Corneille, Pierre","Médée","Tragédie","1635","30","1639","30","http://dramacode.github.io/tcp5/corneillep_medee.xml","https://catalogue.bnf.fr/ark:/12148/cb30271709f","https://gallica.bnf.fr/ark:/12148/bpt6k71339h"
"0101000020E610000089B5F814005356409EB5DB2E34D73D40","http://www.geonames.org/6255147","CORNEILLEP_MEDEE","1","Asie","Asia","Continent","","Asie","29.84064","89.29688","67","","Corneille, Pierre","Médée","Tragédie","1635","30","1639","30","http://dramacode.github.io/tcp5/corneillep_medee.xml","https://catalogue.bnf.fr/ark:/12148/cb30271709f","https://gallica.bnf.fr/ark:/12148/bpt6k71339h"
"0101000020E61000007197EE4647B937403403805685FC4240","https://pleiades.stoa.org/places/579885","CORNEILLEP_MEDEE","4","Athènes","Athens","Ville","Grèce","Europe","37.9728191495","23.7237438519","68","","Corneille, Pierre","Médée","Tragédie","1635","30","1639","30","http://dramacode.github.io/tcp5/corneillep_medee.xml","https://catalogue.bnf.fr/ark:/12148/cb30271709f","https://gallica.bnf.fr/ark:/12148/bpt6k71339h"
"0101000020E6100000E8908AB5AE7B3440FE1076E50E9E4340","https://pleiades.stoa.org/places/530769","CORNEILLEP_MEDEE","1","Achéron","Acheron","Fleuve","Grèce","Europe","39.2348296","20.4831346","69","","Corneille, Pierre","Médée","Tragédie","1635","30","1639","30","http://dramacode.github.io/tcp5/corneillep_medee.xml","https://catalogue.bnf.fr/ark:/12148/cb30271709f","https://gallica.bnf.fr/ark:/12148/bpt6k71339h"
"NaN","http://www.geonames.org/390903","CORNEILLEP_MEDEE","3","Grèce","Greece","Pays","Grèce","Europe","39","22","70","","Corneille, Pierre","Médée","Tragédie","1635","30","1639","30","http://dramacode.github.io/tcp5/corneillep_medee.xml","https://catalogue.bnf.fr/ark:/12148/cb30271709f","https://gallica.bnf.fr/ark:/12148/bpt6k71339h"
"0101000020E61000000000000000803B400000000000404540","https://pleiades.stoa.org/places/991379","CORNEILLEP_MEDEE","2","Scythie","Scythie","Région","Orient","Asie","42.5","27.5","71","Iraniens mais pas en Iran","Corneille, Pierre","Médée","Tragédie","1635","30","1639","30","http://dramacode.github.io/tcp5/corneillep_medee.xml","https://catalogue.bnf.fr/ark:/12148/cb30271709f","https://gallica.bnf.fr/ark:/12148/bpt6k71339h"
"0101000020E61000000000000000001E400000000000404040","https://pleiades.stoa.org/places/775","CORNEILLEP_MEDEE","1","Afrique","Africa","Continent","","Afrique","32.5","7.5","72","","Corneille, Pierre","Médée","Tragédie","1635","30","1639","30","http://dramacode.github.io/tcp5/corneillep_medee.xml","https://catalogue.bnf.fr/ark:/12148/cb30271709f","https://gallica.bnf.fr/ark:/12148/bpt6k71339h"
"0101000020E610000063005EE76AF238405963E43607884140","https://pleiades.stoa.org/places/981517","CORNEILLET_ARIANE","4","Crète","Creta","Région","Grèce","Europe","35.0627201667","24.9469437222","74","","Corneille, Thomas","Ariane","Tragédie","1672","70","1672","70","http://dramacode.github.io/tcp5/corneillet_ariane.xml","https://catalogue.bnf.fr/ark:/12148/cb30272162g","https://gallica.bnf.fr/ark:/12148/bpt6k5772310n"
"0101000020E61000007197EE4647B937403403805685FC4240","https://pleiades.stoa.org/places/579885","CORNEILLET_ARIANE","7","Athènes","Athens","Ville","Grèce","Europe","37.9728191495","23.7237438519","75","","Corneille, Thomas","Ariane","Tragédie","1672","70","1672","70","http://dramacode.github.io/tcp5/corneillet_ariane.xml","https://catalogue.bnf.fr/ark:/12148/cb30272162g","https://gallica.bnf.fr/ark:/12148/bpt6k5772310n"
"0101000020E61000003D0AD7A3707D39406666666666864240","https://pleiades.stoa.org/places/599822","CORNEILLET_ARIANE","11","Naxe","Naxos","Île","Grèce","Europe","37.05","25.49","76","","Corneille, Thomas","Ariane","Tragédie","1672","70","1672","70","http://dramacode.github.io/tcp5/corneillet_ariane.xml","https://catalogue.bnf.fr/ark:/12148/cb30272162g","https://gallica.bnf.fr/ark:/12148/bpt6k5772310n"
"NaN","http://www.geonames.org/390903","CORNEILLET_BRADAMANTE","5","Grèce","Greece","Pays","Grèce","Europe","39","22","77","","Corneille, Thomas","Bradamante","Tragédie","1695","90","1695","90","http://dramacode.github.io/tcp5/corneillet_bradamante.xml","",""
"NaN","http://www.geonames.org/3017382","CORNEILLET_BRADAMANTE","3","France","France","Pays","France","Europe","46","2","78","","Corneille, Thomas","Bradamante","Tragédie","1695","90","1695","90","http://dramacode.github.io/tcp5/corneillet_bradamante.xml","",""
"0101000020E610000073637AC21277344017D4B7CCE9664640","http://www.geonames.org/792680","CORNEILLET_BRADAMANTE","1","Belgrade","Belgrade","Ville","Serbie","Europe","44.80401","20.46513","79","","Corneille, Thomas","Bradamante","Tragédie","1695","90","1695","90","http://dramacode.github.io/tcp5/corneillet_bradamante.xml","",""
"0101000020E61000000000000000804A400000000000004040","http://www.geonames.org/130758","DURYER_ESTHER","7","Perse","Persia","Pays","Orient","Asie","32","53","97","","Duryer, Pierre","Esther","Tragédie","1642","40","1644","40","http://dramacode.github.io/tcp5/duryer_esther.xml","https://catalogue.bnf.fr/ark:/12148/cb303879310","https://gallica.bnf.fr/ark:/12148/bpt6k71601n"
"0101000020E61000005E471CB2819E41402DCC423BA7ED3F40","https://pleiades.stoa.org/places/687934","DURYER_ESTHER","1","Judée","Judea","Région","Levant","Asie","31.928333","35.238333","98","","Duryer, Pierre","Esther","Tragédie","1642","40","1644","40","http://dramacode.github.io/tcp5/duryer_esther.xml","https://catalogue.bnf.fr/ark:/12148/cb303879310","https://gallica.bnf.fr/ark:/12148/bpt6k71601n"
"0101000020E6100000516D5D1A39364640D0E445DBF6444040","https://pleiades.stoa.org/places/893951","DURYER_ESTHER","1","Babylone","Babylon","Ville","Orient","Asie","32.5387834636","44.4236176449","99","","Duryer, Pierre","Esther","Tragédie","1642","40","1644","40","http://dramacode.github.io/tcp5/duryer_esther.xml","https://catalogue.bnf.fr/ark:/12148/cb303879310","https://gallica.bnf.fr/ark:/12148/bpt6k71601n"
"0101000020E610000000000000006041400000000000403F40","https://pleiades.stoa.org/places/687995","RACINE_BERENICE","2","Palestine","Palestine","Pays","Levant","Asie","31.25","34.75","111","","Racine, Jean","Bérénice","Tragédie","1670","70","1671","70","http://dramacode.github.io/tcp5/racine_berenice.xml","https://gallica.bnf.fr/ark:/12148/bpt6k70159b","https://catalogue.bnf.fr/ark:/12148/cb311691382"
"0101000020E610000011FFB0A5479328406D1CB1169FE04440","https://pleiades.stoa.org/places/422995","RACINE_BERENICE","2","Ostie","Ostia","Ville","Italie","Europe","41.754855","12.287656","112","","Racine, Jean","Bérénice","Tragédie","1670","70","1671","70","http://dramacode.github.io/tcp5/racine_berenice.xml","https://gallica.bnf.fr/ark:/12148/bpt6k70159b","https://catalogue.bnf.fr/ark:/12148/cb311691382"
"0101000020E6100000C05DF6EB4EFA4240C537143E5B434240","https://pleiades.stoa.org/places/658443","RACINE_BERENICE","4","Comagène","Commagene","Région","Anatolie","Asie","36.526222","37.9555335","113","","Racine, Jean","Bérénice","Tragédie","1670","70","1671","70","http://dramacode.github.io/tcp5/racine_berenice.xml","https://gallica.bnf.fr/ark:/12148/bpt6k70159b","https://catalogue.bnf.fr/ark:/12148/cb311691382"
"0101000020E610000048C0E8F2E6F82840F931E6AE25F24440","https://pleiades.stoa.org/places/423025","RACINE_BERENICE","52","Rome","Roma","Ville","Italie","Europe","41.891775","12.486137","114","","Racine, Jean","Bérénice","Tragédie","1670","70","1671","70","http://dramacode.github.io/tcp5/racine_berenice.xml","https://gallica.bnf.fr/ark:/12148/bpt6k70159b","https://catalogue.bnf.fr/ark:/12148/cb311691382"
"0101000020E61000005E471CB2819E41402DCC423BA7ED3F40","https://pleiades.stoa.org/places/687934","RACINE_BERENICE","3","Judée","Judea","Région","Levant","Asie","31.928333","35.238333","115","","Racine, Jean","Bérénice","Tragédie","1670","70","1671","70","http://dramacode.github.io/tcp5/racine_berenice.xml","https://gallica.bnf.fr/ark:/12148/bpt6k70159b","https://catalogue.bnf.fr/ark:/12148/cb311691382"
"0101000020E61000006388020F0AAE44404DDD4E88A44D4140","https://pleiades.stoa.org/places/912849","RACINE_BERENICE","3","Euphrate","Euphrates","Fleuve","Orient","Asie","34.606583632","41.3596819651","116","","Racine, Jean","Bérénice","Tragédie","1670","70","1671","70","http://dramacode.github.io/tcp5/racine_berenice.xml","https://gallica.bnf.fr/ark:/12148/bpt6k70159b","https://catalogue.bnf.fr/ark:/12148/cb311691382"
"0101000020E610000000000000004045400000000000803B40","https://pleiades.stoa.org/places/29475","RACINE_BERENICE","1","Arabie","Arabia","Région","Orient","Asie","27.5","42.5","117","","Racine, Jean","Bérénice","Tragédie","1670","70","1671","70","http://dramacode.github.io/tcp5/racine_berenice.xml","https://gallica.bnf.fr/ark:/12148/bpt6k70159b","https://catalogue.bnf.fr/ark:/12148/cb311691382"
"0101000020E61000000000000000C042400000000000C04240","https://pleiades.stoa.org/places/981550","RACINE_BERENICE","1","Syrie","Syria","Pays","Levant","Asie","37.5","37.5","118","","Racine, Jean","Bérénice","Tragédie","1670","70","1671","70","http://dramacode.github.io/tcp5/racine_berenice.xml","https://gallica.bnf.fr/ark:/12148/bpt6k70159b","https://catalogue.bnf.fr/ark:/12148/cb311691382"
"0101000020E6100000268DD13AAAAA29404963B48EAA6A4540","http://www.geonames.org/3175395","RACINE_BERENICE","1","Italie","Italy","Pays","Italie","Europe","42.83333","12.83333","119","","Racine, Jean","Bérénice","Tragédie","1670","70","1671","70","http://dramacode.github.io/tcp5/racine_berenice.xml","https://gallica.bnf.fr/ark:/12148/bpt6k70159b","https://catalogue.bnf.fr/ark:/12148/cb311691382"
"0101000020E61000004F41D9EFE4F628405C1146FD3FF24440","https://pleiades.stoa.org/places/347036492","RACINE_BERENICE","1","Capitole","Capitoline Hill","Lieu","Italie","Europe","41.8925778","12.4822154","120","","Racine, Jean","Bérénice","Tragédie","1670","70","1671","70","http://dramacode.github.io/tcp5/racine_berenice.xml","https://gallica.bnf.fr/ark:/12148/bpt6k70159b","https://catalogue.bnf.fr/ark:/12148/cb311691382"
"0101000020E61000000000000000A040400000000000204240","https://pleiades.stoa.org/places/658440","RACINE_BERENICE","1","Cilicie","Cilicia","Région","Anatolie","Asie","36.25","33.25","121","","Racine, Jean","Bérénice","Tragédie","1670","70","1671","70","http://dramacode.github.io/tcp5/racine_berenice.xml","https://gallica.bnf.fr/ark:/12148/bpt6k70159b","https://catalogue.bnf.fr/ark:/12148/cb311691382"
"0101000020E6100000287E8CB96BA91740DC2E34D769FC4940","http://www.geonames.org/2748179","RACINE_ESTHER","1","Rhin","Rhine","Fleuve","Allemagne","Europe","51.97198","5.91545","122","","Racine, Jean","Esther","Tragédie","1689","80","1689","80","http://dramacode.github.io/tcp5/racine_esther.xml","https://catalogue.bnf.fr/ark:/12148/cb31169205c","http://gallica.bnf.fr/ark:/12148/bpt6k704146"
"0101000020E6100000C214E5D2F89D4140707D586FD4C63F40","https://pleiades.stoa.org/places/687928","RACINE_ESTHER","11","Sion","Jerusalem","Ville","Levant","Asie","31.776679","35.234156","123","","Racine, Jean","Esther","Tragédie","1689","80","1689","80","http://dramacode.github.io/tcp5/racine_esther.xml","https://catalogue.bnf.fr/ark:/12148/cb31169205c","http://gallica.bnf.fr/ark:/12148/bpt6k704146"
"0101000020E610000015C8EC2C7A2048404419AA622A184040","https://pleiades.stoa.org/places/912936","RACINE_ESTHER","5","Suse","Susa","Ville","Orient","Asie","32.1887935","48.2537285","124","","Racine, Jean","Esther","Tragédie","1689","80","1689","80","http://dramacode.github.io/tcp5/racine_esther.xml","https://catalogue.bnf.fr/ark:/12148/cb31169205c","http://gallica.bnf.fr/ark:/12148/bpt6k704146"
"NaN","https://pleiades.stoa.org/places/50004","RACINE_ESTHER","1","Inde","India","Pays","Extrême-Orient","Asie","22.5","77.5","125","","Racine, Jean","Esther","Tragédie","1689","80","1689","80","http://dramacode.github.io/tcp5/racine_esther.xml","https://catalogue.bnf.fr/ark:/12148/cb31169205c","http://gallica.bnf.fr/ark:/12148/bpt6k704146"
"0101000020E61000006666666666663A409A99999999194440","https://pleiades.stoa.org/places/501434","RACINE_ESTHER","2","Hellespont","Hellespont","Mer","Grèce","Europe","40.2","26.4","126","","Racine, Jean","Esther","Tragédie","1689","80","1689","80","http://dramacode.github.io/tcp5/racine_esther.xml","https://catalogue.bnf.fr/ark:/12148/cb31169205c","http://gallica.bnf.fr/ark:/12148/bpt6k704146"
"0101000020E61000000000000000003E400000000000003B40","http://www.geonames.org/357994","RACINE_ESTHER","1","Égypte","Egypt","Pays","Afrique","Afrique","27","30","127","","Racine, Jean","Esther","Tragédie","1689","80","1689","80","http://dramacode.github.io/tcp5/racine_esther.xml","https://catalogue.bnf.fr/ark:/12148/cb31169205c","http://gallica.bnf.fr/ark:/12148/bpt6k704146"
"0101000020E6100000C214E5D2F89D4140707D586FD4C63F40","https://pleiades.stoa.org/places/687928","RACINE_ESTHER","1","Jérusalem","Jerusalem","Ville","Levant","Asie","31.776679","35.234156","128","","Racine, Jean","Esther","Tragédie","1689","80","1689","80","http://dramacode.github.io/tcp5/racine_esther.xml","https://catalogue.bnf.fr/ark:/12148/cb31169205c","http://gallica.bnf.fr/ark:/12148/bpt6k704146"
"0101000020E6100000FDC0559E40CF4140182D9B94DD974040","https://pleiades.stoa.org/places/687932","RACINE_ESTHER","3","Jourdain","Jordan river","Fleuve","Levant","Asie","33.1864496","35.6191595","129","","Racine, Jean","Esther","Tragédie","1689","80","1689","80","http://dramacode.github.io/tcp5/racine_esther.xml","https://catalogue.bnf.fr/ark:/12148/cb31169205c","http://gallica.bnf.fr/ark:/12148/bpt6k704146"
"0101000020E610000089B5F814005356409EB5DB2E34D73D40","http://www.geonames.org/6255147","RACINE_ESTHER","1","Asie","Asia","Continent","","Asie","29.84064","89.29688","130","","Racine, Jean","Esther","Tragédie","1689","80","1689","80","http://dramacode.github.io/tcp5/racine_esther.xml","https://catalogue.bnf.fr/ark:/12148/cb31169205c","http://gallica.bnf.fr/ark:/12148/bpt6k704146"
"0101000020E61000000000000000C043400000000000404440","https://pleiades.stoa.org/places/857082","RACINE_ESTHER","1","Chaldée","Chaldea","Région","Anatolie","Asie","40.5","39.5","131","","Racine, Jean","Esther","Tragédie","1689","80","1689","80","http://dramacode.github.io/tcp5/racine_esther.xml","https://catalogue.bnf.fr/ark:/12148/cb31169205c","http://gallica.bnf.fr/ark:/12148/bpt6k704146"
"0101000020E61000000000000000804A400000000000004040","http://www.geonames.org/130758","RACINE_ESTHER","2","Perse","Persia","Pays","Orient","Asie","32","53","132","","Racine, Jean","Esther","Tragédie","1689","80","1689","80","http://dramacode.github.io/tcp5/racine_esther.xml","https://catalogue.bnf.fr/ark:/12148/cb31169205c","http://gallica.bnf.fr/ark:/12148/bpt6k704146"
"0101000020E61000006388020F0AAE44404DDD4E88A44D4140","https://pleiades.stoa.org/places/912849","RACINE_ESTHER","1","Euphrate","Euphrates","Fleuve","Orient","Asie","34.606583632","41.3596819651","133","","Racine, Jean","Esther","Tragédie","1689","80","1689","80","http://dramacode.github.io/tcp5/racine_esther.xml","https://catalogue.bnf.fr/ark:/12148/cb31169205c","http://gallica.bnf.fr/ark:/12148/bpt6k704146"
"0101000020E6100000516D5D1A39364640D0E445DBF6444040","https://pleiades.stoa.org/places/893951","RACINE_ESTHER","1","Babylone","Babylon","Ville","Orient","Asie","32.5387834636","44.4236176449","134","","Racine, Jean","Esther","Tragédie","1689","80","1689","80","http://dramacode.github.io/tcp5/racine_esther.xml","https://catalogue.bnf.fr/ark:/12148/cb31169205c","http://gallica.bnf.fr/ark:/12148/bpt6k704146"
"0101000020E61000004963B48EAAEA41404963B48EAAEA4040","http://www.geonames.org/272103","RACINE_ESTHER","1","Liban","Lebanon","Pays","Levant","Asie","33.83333","35.83333","135","","Racine, Jean","Esther","Tragédie","1689","80","1689","80","http://dramacode.github.io/tcp5/racine_esther.xml","https://catalogue.bnf.fr/ark:/12148/cb31169205c","http://gallica.bnf.fr/ark:/12148/bpt6k704146"
"0101000020E61000001AF2D19F0B3D3A40E08E50288DFA4340","https://pleiades.stoa.org/places/550595","RACINE_IPHIGENIE","20","Troie","Troy","Ville","Anatolie","Asie","39.9574327844","26.2384586227","136","","Racine, Jean","Iphigénie","Tragédie","1674","70","1674","70","http://dramacode.github.io/tcp5/racine_iphigenie.xml","https://catalogue.bnf.fr/ark:/12148/cb31169276w","https://gallica.bnf.fr/ark:/12148/bpt6k70413v"
"0101000020E61000001AF2D19F0B3D3A40E08E50288DFA4340","https://pleiades.stoa.org/places/550595","RACINE_IPHIGENIE","5","Ilion","Troy","Ville","Anatolie","Asie","39.9574327844","26.2384586227","137","","Racine, Jean","Iphigénie","Tragédie","1674","70","1674","70","http://dramacode.github.io/tcp5/racine_iphigenie.xml","https://catalogue.bnf.fr/ark:/12148/cb31169276w","https://gallica.bnf.fr/ark:/12148/bpt6k70413v"
"0101000020E610000089B5F814005356409EB5DB2E34D73D40","http://www.geonames.org/6255147","RACINE_IPHIGENIE","5","Asie","Asia","Continent","","Asie","29.84064","89.29688","138","","Racine, Jean","Iphigénie","Tragédie","1674","70","1674","70","http://dramacode.github.io/tcp5/racine_iphigenie.xml","https://catalogue.bnf.fr/ark:/12148/cb31169276w","https://gallica.bnf.fr/ark:/12148/bpt6k70413v"
"NaN","http://www.geonames.org/390903","RACINE_IPHIGENIE","13","Grèce","Greece","Pays","Grèce","Europe","39","22","139","","Racine, Jean","Iphigénie","Tragédie","1674","70","1674","70","http://dramacode.github.io/tcp5/racine_iphigenie.xml","https://catalogue.bnf.fr/ark:/12148/cb31169276w","https://gallica.bnf.fr/ark:/12148/bpt6k70413v"
"0101000020E61000003BA6EECA2EB83640EB36A8FDD6D04240","https://pleiades.stoa.org/places/570106","RACINE_IPHIGENIE","8","Argos","Argos","Ville","Grèce","Europe","37.631561","22.719464","140","","Racine, Jean","Iphigénie","Tragédie","1674","70","1674","70","http://dramacode.github.io/tcp5/racine_iphigenie.xml","https://catalogue.bnf.fr/ark:/12148/cb31169276w","https://gallica.bnf.fr/ark:/12148/bpt6k70413v"
"0101000020E61000003E213B6F636D3640F29881CAF8894240","https://pleiades.stoa.org/places/570685","RACINE_IPHIGENIE","3","Sparte","Sparta","Ville","Grèce","Europe","37.077905","22.4272985","141","","Racine, Jean","Iphigénie","Tragédie","1674","70","1674","70","http://dramacode.github.io/tcp5/racine_iphigenie.xml","https://catalogue.bnf.fr/ark:/12148/cb31169276w","https://gallica.bnf.fr/ark:/12148/bpt6k70413v"
"0101000020E61000004300D1CC0AC1364075E9D7C571DD4240","https://pleiades.stoa.org/places/570491","RACINE_IPHIGENIE","6","Mycènes","Mycenae","Ville","Grèce","Europe","37.7300345711","22.7540710459","142","","Racine, Jean","Iphigénie","Tragédie","1674","70","1674","70","http://dramacode.github.io/tcp5/racine_iphigenie.xml","https://catalogue.bnf.fr/ark:/12148/cb31169276w","https://gallica.bnf.fr/ark:/12148/bpt6k70413v"
"0101000020E61000009038BFBC5B223A40E1849DBD8E9A4340","https://pleiades.stoa.org/places/550696","RACINE_IPHIGENIE","11","Lesbos","Lesbos","Île","Grèce","Europe","39.2074811","26.1342123","143","","Racine, Jean","Iphigénie","Tragédie","1674","70","1674","70","http://dramacode.github.io/tcp5/racine_iphigenie.xml","https://catalogue.bnf.fr/ark:/12148/cb31169276w","https://gallica.bnf.fr/ark:/12148/bpt6k70413v"
"0101000020E610000000000000008036400000000000C04240","https://pleiades.stoa.org/places/991374","RACINE_IPHIGENIE","2","Thessalie","Thessalia/Thessaly","Région","Grèce","Europe","37.5","22.5","144","","Racine, Jean","Iphigénie","Tragédie","1674","70","1674","70","http://dramacode.github.io/tcp5/racine_iphigenie.xml","https://catalogue.bnf.fr/ark:/12148/cb31169276w","https://gallica.bnf.fr/ark:/12148/bpt6k70413v"
"0101000020E6100000F2A1B19E2DCD39401076F7F1D1B44240","https://pleiades.stoa.org/places/560221","RACINE_IPHIGENIE","1","mer Égée","Aegean Sea","Mer","Grèce","Europe","37.4126570185","25.8014773544","145","","Racine, Jean","Iphigénie","Tragédie","1674","70","1674","70","http://dramacode.github.io/tcp5/racine_iphigenie.xml","https://catalogue.bnf.fr/ark:/12148/cb31169276w","https://gallica.bnf.fr/ark:/12148/bpt6k70413v"
"0101000020E61000006666666666663A409A99999999194440","https://pleiades.stoa.org/places/501434","RACINE_IPHIGENIE","1","Hellespont","Hellespont","Mer","Grèce","Europe","40.2","26.4","146","","Racine, Jean","Iphigénie","Tragédie","1674","70","1674","70","http://dramacode.github.io/tcp5/racine_iphigenie.xml","https://catalogue.bnf.fr/ark:/12148/cb31169276w","https://gallica.bnf.fr/ark:/12148/bpt6k70413v"
"0101000020E6100000B9533A58FF4722400D6C956071584840","http://www.geonames.org/6255148","RACINE_IPHIGENIE","1","Europe","Europa","Continent","","Europe","48.69096","9.14062","147","","Racine, Jean","Iphigénie","Tragédie","1674","70","1674","70","http://dramacode.github.io/tcp5/racine_iphigenie.xml","https://catalogue.bnf.fr/ark:/12148/cb31169276w","https://gallica.bnf.fr/ark:/12148/bpt6k70413v"
"0101000020E61000006CD12C0F65E63640E46592B7F1F24240","https://pleiades.stoa.org/places/570182","RACINE_PHEDRE","1","Corinthe","Corinth","Ville","Grèce","Europe","37.8980016198","22.8999795422","148","","Racine, Jean","Phèdre","Tragédie","1677","70","1677","70","http://dramacode.github.io/tcp5/racine_phedre.xml","https://catalogue.bnf.fr/ark:/12148/cb31169345w","https://gallica.bnf.fr/ark:/12148/btv1b8610817v"
"0101000020E6100000E8908AB5AE7B3440FE1076E50E9E4340","https://pleiades.stoa.org/places/530769","RACINE_PHEDRE","2","Achéron","Acheron","Fleuve","Grèce","Europe","39.2348296","20.4831346","149","","Racine, Jean","Phèdre","Tragédie","1677","70","1677","70","http://dramacode.github.io/tcp5/racine_phedre.xml","https://catalogue.bnf.fr/ark:/12148/cb31169345w","https://gallica.bnf.fr/ark:/12148/btv1b8610817v"
"0101000020E610000000000000004035400000000000E04240","https://pleiades.stoa.org/places/570221","RACINE_PHEDRE","1","Élide","Elis","Région","Grèce","Europe","37.75","21.25","150","","Racine, Jean","Phèdre","Tragédie","1677","70","1677","70","http://dramacode.github.io/tcp5/racine_phedre.xml","https://catalogue.bnf.fr/ark:/12148/cb31169345w","https://gallica.bnf.fr/ark:/12148/btv1b8610817v"
"0101000020E61000005C4C191B269936400F5B8514ED434240","https://pleiades.stoa.org/places/570703","RACINE_PHEDRE","1","Ténare","Cape Matapan","Cap","Grèce","Europe","36.5306726123","22.5982376992","151","","Racine, Jean","Phèdre","Tragédie","1677","70","1677","70","http://dramacode.github.io/tcp5/racine_phedre.xml","https://catalogue.bnf.fr/ark:/12148/cb31169345w","https://gallica.bnf.fr/ark:/12148/btv1b8610817v"
"0101000020E61000007197EE4647B937403403805685FC4240","https://pleiades.stoa.org/places/579885","RACINE_PHEDRE","13","Athènes","Athens","Ville","Grèce","Europe","37.9728191495","23.7237438519","152","","Racine, Jean","Phèdre","Tragédie","1677","70","1677","70","http://dramacode.github.io/tcp5/racine_phedre.xml","https://catalogue.bnf.fr/ark:/12148/cb31169345w","https://gallica.bnf.fr/ark:/12148/btv1b8610817v"
"0101000020E61000002A7FAD0100293740075F984C15D14240","https://pleiades.stoa.org/places/570228","RACINE_PHEDRE","1","Épidaure","Epidaurus","Ville","Grèce","Europe","37.6334625","23.16015635","153","","Racine, Jean","Phèdre","Tragédie","1677","70","1677","70","http://dramacode.github.io/tcp5/racine_phedre.xml","https://catalogue.bnf.fr/ark:/12148/cb31169345w","https://gallica.bnf.fr/ark:/12148/btv1b8610817v"
"0101000020E610000063005EE76AF238405963E43607884140","https://pleiades.stoa.org/places/981517","RACINE_PHEDRE","4","Crète","Creta","Pays","Grèce","Europe","35.0627201667","24.9469437222","154","","Racine, Jean","Phèdre","Tragédie","1677","70","1677","70","http://dramacode.github.io/tcp5/racine_phedre.xml","https://catalogue.bnf.fr/ark:/12148/cb31169345w","https://gallica.bnf.fr/ark:/12148/btv1b8610817v"
"0101000020E61000003E213B6F636D3640F29881CAF8894240","https://pleiades.stoa.org/places/570685","RACINE_PHEDRE","2","Sparte","Sparta","Ville","Grèce","Europe","37.077905","22.4272985","155","","Racine, Jean","Phèdre","Tragédie","1677","70","1677","70","http://dramacode.github.io/tcp5/racine_phedre.xml","https://catalogue.bnf.fr/ark:/12148/cb31169345w","https://gallica.bnf.fr/ark:/12148/btv1b8610817v"
"0101000020E6100000C3F5285C8F823740D7A3703D0AF74240","https://pleiades.stoa.org/places/580101","RACINE_PHEDRE","1","Salamine","Salamis Island","Île","Grèce","Europe","37.93","23.51","156","","Racine, Jean","Phèdre","Tragédie","1677","70","1677","70","http://dramacode.github.io/tcp5/racine_phedre.xml","https://catalogue.bnf.fr/ark:/12148/cb31169345w","https://gallica.bnf.fr/ark:/12148/btv1b8610817v"
"NaN","http://www.geonames.org/390903","RACINE_PHEDRE","6","Grèce","Greece","Pays","Grèce","Europe","39","22","157","","Racine, Jean","Phèdre","Tragédie","1677","70","1677","70","http://dramacode.github.io/tcp5/racine_phedre.xml","https://catalogue.bnf.fr/ark:/12148/cb31169345w","https://gallica.bnf.fr/ark:/12148/btv1b8610817v"
"0101000020E61000006CFFA73BFF9634404EF90D9CDEC94340","https://pleiades.stoa.org/places/530871","RACINE_PHEDRE","3","Épire","Epirus","Région","Grèce","Europe","39.5771060055","20.589832047","159","","Racine, Jean","Phèdre","Tragédie","1677","70","1677","70","http://dramacode.github.io/tcp5/racine_phedre.xml","https://catalogue.bnf.fr/ark:/12148/cb31169345w","https://gallica.bnf.fr/ark:/12148/btv1b8610817v"
"0101000020E610000061FC34EECD5B364000FDBE7FF30A4440","https://pleiades.stoa.org/places/491677","RACINE_PHEDRE","1","Olympe","Olympus","Montagne","Grèce","Europe","40.085556","22.358611","160","","Racine, Jean","Phèdre","Tragédie","1677","70","1677","70","http://dramacode.github.io/tcp5/racine_phedre.xml","https://catalogue.bnf.fr/ark:/12148/cb31169345w","https://gallica.bnf.fr/ark:/12148/btv1b8610817v"
"0101000020E61000003BA6EECA2EB83640EB36A8FDD6D04240","https://pleiades.stoa.org/places/570106","RACINE_PHEDRE","1","Argos","Argos","Ville","Grèce","Europe","37.631561","22.719464","161","","Racine, Jean","Phèdre","Tragédie","1677","70","1677","70","http://dramacode.github.io/tcp5/racine_phedre.xml","https://catalogue.bnf.fr/ark:/12148/cb31169345w","https://gallica.bnf.fr/ark:/12148/btv1b8610817v"
"0101000020E61000004300D1CC0AC1364075E9D7C571DD4240","https://pleiades.stoa.org/places/570491","RACINE_PHEDRE","1","Mycènes","Mycenae","Ville","Grèce","Europe","37.7300345711","22.7540710459","162","","Racine, Jean","Phèdre","Tragédie","1677","70","1677","70","http://dramacode.github.io/tcp5/racine_phedre.xml","https://catalogue.bnf.fr/ark:/12148/cb31169345w","https://gallica.bnf.fr/ark:/12148/btv1b8610817v"
"0101000020E61000000000000000804A400000000000004040","http://www.geonames.org/130758","ROTROU_COSROES","16","Perse","Persia","Pays","Orient","Asie","32","53","163","","Rotrou, Jean de","Cosroès","Tragédie","1648","40","1649","40","http://dramacode.github.io/tcp5/rotrou_cosroes.xml","https://catalogue.bnf.fr/ark:/12148/cb31251874w","https://gallica.bnf.fr/ark:/12148/btv1b8622110f"
"0101000020E6100000B9533A58FF4722400D6C956071584840","http://www.geonames.org/6255148","ROTROU_COSROES","1","Europe","Europa","Continent","","Europe","48.69096","9.14062","164","","Rotrou, Jean de","Cosroès","Tragédie","1648","40","1649","40","http://dramacode.github.io/tcp5/rotrou_cosroes.xml","https://catalogue.bnf.fr/ark:/12148/cb31251874w","https://gallica.bnf.fr/ark:/12148/btv1b8622110f"
"0101000020E61000001A6D5512D9714A403B27CE7672EF3D40","https://pleiades.stoa.org/places/922695","ROTROU_COSROES","1","Persépolis","Persepolis","Ville","Orient","Asie","29.9353403333","52.889437","165","","Rotrou, Jean de","Cosroès","Tragédie","1648","40","1649","40","http://dramacode.github.io/tcp5/rotrou_cosroes.xml","https://catalogue.bnf.fr/ark:/12148/cb31251874w","https://gallica.bnf.fr/ark:/12148/btv1b8622110f"
"0101000020E610000000000000002043400000000000A04340","https://pleiades.stoa.org/places/628936","ROTROU_COSROES","1","Arménie","Armenia","Pays","Arménie","Asie","39.25","38.25","166","Attention: Armenia minor","Rotrou, Jean de","Cosroès","Tragédie","1648","40","1649","40","http://dramacode.github.io/tcp5/rotrou_cosroes.xml","https://catalogue.bnf.fr/ark:/12148/cb31251874w","https://gallica.bnf.fr/ark:/12148/btv1b8622110f"
"0101000020E610000089B5F814005356409EB5DB2E34D73D40","http://www.geonames.org/6255147","ROTROU_COSROES","1","Asie","Asia","Continent","","Asie","29.84064","89.29688","167","","Rotrou, Jean de","Cosroès","Tragédie","1648","40","1649","40","http://dramacode.github.io/tcp5/rotrou_cosroes.xml","https://catalogue.bnf.fr/ark:/12148/cb31251874w","https://gallica.bnf.fr/ark:/12148/btv1b8622110f"
"0101000020E6100000F0804E2316BE3540011716F302414340","https://pleiades.stoa.org/places/540591","ROTROU_HERCULEMOURANT","2","Oetolie","Aetolia","Région","Grèce","Europe","38.5079025133","21.7425252978","190","","Rotrou, Jean de","Hercule mourant","Tragédie","1634","30","1636","30","http://dramacode.github.io/tcp5/rotrou_herculemourant.xml","https://catalogue.bnf.fr/ark:/12148/cb312518904","https://gallica.bnf.fr/ark:/12148/bpt6k72394w"
"0101000020E610000004F0051CF8B5364042CD902A8AE74240","https://pleiades.stoa.org/places/570504","ROTROU_HERCULEMOURANT","3","Némée","Nemea","Ville","Grèce","Europe","37.808904","22.7108171","191","","Rotrou, Jean de","Hercule mourant","Tragédie","1634","30","1636","30","http://dramacode.github.io/tcp5/rotrou_herculemourant.xml","https://catalogue.bnf.fr/ark:/12148/cb312518904","https://gallica.bnf.fr/ark:/12148/bpt6k72394w"
"0101000020E61000000000000000001E400000000000404040","https://pleiades.stoa.org/places/775","ROTROU_HERCULEMOURANT","1","Afrique","Africa","Continent","","Afrique","32.5","7.5","192","","Rotrou, Jean de","Hercule mourant","Tragédie","1634","30","1636","30","http://dramacode.github.io/tcp5/rotrou_herculemourant.xml","https://catalogue.bnf.fr/ark:/12148/cb312518904","https://gallica.bnf.fr/ark:/12148/bpt6k72394w"
"0101000020E6100000FFCEF6E80DE541400F4240BE84624240","https://pleiades.stoa.org/places/658368","ROTROU_HERCULEMOURANT","1","AEgée","Aegae","Ville","Anatolie","Asie","36.769676","35.789487","193","","Rotrou, Jean de","Hercule mourant","Tragédie","1634","30","1636","30","http://dramacode.github.io/tcp5/rotrou_herculemourant.xml","https://catalogue.bnf.fr/ark:/12148/cb312518904","https://gallica.bnf.fr/ark:/12148/bpt6k72394w"
"0101000020E61000003BA6EECA2EB83640EB36A8FDD6D04240","https://pleiades.stoa.org/places/570106","ROTROU_HERCULEMOURANT","1","Argos","Argos","Ville","Grèce","Europe","37.631561","22.719464","194","","Rotrou, Jean de","Hercule mourant","Tragédie","1634","30","1636","30","http://dramacode.github.io/tcp5/rotrou_herculemourant.xml","https://catalogue.bnf.fr/ark:/12148/cb312518904","https://gallica.bnf.fr/ark:/12148/bpt6k72394w"
"0101000020E610000000000000008036400000000000C04240","https://pleiades.stoa.org/places/991374","ROTROU_HERCULEMOURANT","2","Thessalie","Thessalia/Thessaly","Région","Grèce","Europe","37.5","22.5","195","","Rotrou, Jean de","Hercule mourant","Tragédie","1634","30","1636","30","http://dramacode.github.io/tcp5/rotrou_herculemourant.xml","https://catalogue.bnf.fr/ark:/12148/cb312518904","https://gallica.bnf.fr/ark:/12148/bpt6k72394w"
"0101000020E610000000000000004037400000000000A04340","https://pleiades.stoa.org/places/541021","ROTROU_HERCULEMOURANT","1","Pelion","Pelion","Montagne","Grèce","Europe","39.25","23.25","196","","Rotrou, Jean de","Hercule mourant","Tragédie","1634","30","1636","30","http://dramacode.github.io/tcp5/rotrou_herculemourant.xml","https://catalogue.bnf.fr/ark:/12148/cb312518904","https://gallica.bnf.fr/ark:/12148/bpt6k72394w"
"0101000020E610000061FC34EECD5B364000FDBE7FF30A4440","https://pleiades.stoa.org/places/491677","ROTROU_HERCULEMOURANT","1","Olympe","Olympus","Montagne","Grèce","Europe","40.085556","22.358611","197","","Rotrou, Jean de","Hercule mourant","Tragédie","1634","30","1636","30","http://dramacode.github.io/tcp5/rotrou_herculemourant.xml","https://catalogue.bnf.fr/ark:/12148/cb312518904","https://gallica.bnf.fr/ark:/12148/bpt6k72394w"
"0101000020E6100000475BF0FD68AF36404EBC5EF5DBE54340","https://pleiades.stoa.org/places/540993","ROTROU_HERCULEMOURANT","1","Osse","Ossa","Montagne","Grèce","Europe","39.7957751","22.6851958","198","","Rotrou, Jean de","Hercule mourant","Tragédie","1634","30","1636","30","http://dramacode.github.io/tcp5/rotrou_herculemourant.xml","https://catalogue.bnf.fr/ark:/12148/cb312518904","https://gallica.bnf.fr/ark:/12148/bpt6k72394w"
"0101000020E61000006666666666262C402B14E97E4E6B4440","https://pleiades.stoa.org/places/432712","ROTROU_HERCULEMOURANT","1","Averne","Avernus","Lac","Italie","Europe","40.838333","14.075","199","","Rotrou, Jean de","Hercule mourant","Tragédie","1634","30","1636","30","http://dramacode.github.io/tcp5/rotrou_herculemourant.xml","https://catalogue.bnf.fr/ark:/12148/cb312518904","https://gallica.bnf.fr/ark:/12148/bpt6k72394w"
"0101000020E61000007FDF1A33E4B73640DBDBD20F8FC64240","https://pleiades.stoa.org/places/570424","ROTROU_HERCULEMOURANT","1","Lerne","Lerna","Ville","Grèce","Europe","37.5512409","22.7183258","200","","Rotrou, Jean de","Hercule mourant","Tragédie","1634","30","1636","30","http://dramacode.github.io/tcp5/rotrou_herculemourant.xml","https://catalogue.bnf.fr/ark:/12148/cb312518904","https://gallica.bnf.fr/ark:/12148/bpt6k72394w"
"0101000020E610000000000000004035400000000000E04240","https://pleiades.stoa.org/places/570579","ROTROU_HERCULEMOURANT","1","Pénée","Pineios","Fleuve","Grèce","Europe","37.75","21.25","202","","Rotrou, Jean de","Hercule mourant","Tragédie","1634","30","1636","30","http://dramacode.github.io/tcp5/rotrou_herculemourant.xml","https://catalogue.bnf.fr/ark:/12148/cb312518904","https://gallica.bnf.fr/ark:/12148/bpt6k72394w"
"0101000020E61000000F7F4DD6A8772840904946CEC2DE4440","http://www.geonames.org/3165709","SCUDERY_MORTDECESAR","4","Tibre","Tiber","Fleuve","Italie","Europe","41.74032","12.23371","253","","Scudéry, Georges de","La Mort de César","Tragédie","1636","30","1637","30","http://dramacode.github.io/tcp5/scudery_mortdecesar.xml","https://catalogue.bnf.fr/ark:/12148/cb313417528","https://gallica.bnf.fr/ark:/12148/bpt6k71623z"
"0101000020E6100000C9022670EB6ED83FDB6D179AEBB84840","http://www.geonames.org/2975252","SCUDERY_MORTDECESAR","1","Seine","Seine","Fleuve","France","Europe","49.44469","0.38177","254","","Scudéry, Georges de","La Mort de César","Tragédie","1636","30","1637","30","http://dramacode.github.io/tcp5/scudery_mortdecesar.xml","https://catalogue.bnf.fr/ark:/12148/cb313417528","https://gallica.bnf.fr/ark:/12148/bpt6k71623z"
"0101000020E61000006D3997E2AAAA3D404963B48EAAAA4640","http://www.geonames.org/791630","SCUDERY_MORTDECESAR","1","Danube","Danube","Fleuve","","Europe","45.33333","29.66667","255","","Scudéry, Georges de","La Mort de César","Tragédie","1636","30","1637","30","http://dramacode.github.io/tcp5/scudery_mortdecesar.xml","https://catalogue.bnf.fr/ark:/12148/cb313417528","https://gallica.bnf.fr/ark:/12148/bpt6k71623z"
"0101000020E610000072FE261422A25640A06CCA15DE5D3740","http://www.geonames.org/1202950","SCUDERY_MORTDECESAR","1","Gange","Ganges","Fleuve","Extrême-Orient","Asie","23.36667","90.53333","256","","Scudéry, Georges de","La Mort de César","Tragédie","1636","30","1637","30","http://dramacode.github.io/tcp5/scudery_mortdecesar.xml","https://catalogue.bnf.fr/ark:/12148/cb313417528","https://gallica.bnf.fr/ark:/12148/bpt6k71623z"
"0101000020E610000048C0E8F2E6F82840F931E6AE25F24440","https://pleiades.stoa.org/places/423025","SCUDERY_MORTDECESAR","12","Rome","Roma","Ville","Italie","Europe","41.891775","12.486137","257","","Scudéry, Georges de","La Mort de César","Tragédie","1636","30","1637","30","http://dramacode.github.io/tcp5/scudery_mortdecesar.xml","https://catalogue.bnf.fr/ark:/12148/cb313417528","https://gallica.bnf.fr/ark:/12148/bpt6k71623z"
"0101000020E610000078431A15385B36409753026292A74340","https://pleiades.stoa.org/places/541042","SCUDERY_MORTDECESAR","1","Pharsale","Farsala","Ville","Grèce","Europe","39.30915475","22.3563245","258","","Scudéry, Georges de","La Mort de César","Tragédie","1636","30","1637","30","http://dramacode.github.io/tcp5/scudery_mortdecesar.xml","https://catalogue.bnf.fr/ark:/12148/cb313417528","https://gallica.bnf.fr/ark:/12148/bpt6k71623z"
"0101000020E6100000268DD13AAAAA29404963B48EAA6A4540","http://www.geonames.org/3175395","SCUDERY_MORTDECESAR","1","Italie","Italy","Pays","Italie","Europe","42.83333","12.83333","259","","Scudéry, Georges de","La Mort de César","Tragédie","1636","30","1637","30","http://dramacode.github.io/tcp5/scudery_mortdecesar.xml","https://catalogue.bnf.fr/ark:/12148/cb313417528","https://gallica.bnf.fr/ark:/12148/bpt6k71623z"
"0101000020E61000006666666666264C40CDCCCCCCCC8C4240","https://pleiades.stoa.org/places/942333","SCUDERY_MORTDECESAR","1","Hircanie","Hyrcania","Région","Orient","Asie","37.1","56.3","260","","Scudéry, Georges de","La Mort de César","Tragédie","1636","30","1637","30","http://dramacode.github.io/tcp5/scudery_mortdecesar.xml","https://catalogue.bnf.fr/ark:/12148/cb313417528","https://gallica.bnf.fr/ark:/12148/bpt6k71623z"
"0101000020E61000004F41D9EFE4F628405C1146FD3FF24440","https://pleiades.stoa.org/places/347036492","SCUDERY_MORTDECESAR","2","Capitole","Capitoline Hill","Lieu","Italie","Europe","41.8925778","12.4822154","261","","Scudéry, Georges de","La Mort de César","Tragédie","1636","30","1637","30","http://dramacode.github.io/tcp5/scudery_mortdecesar.xml","https://catalogue.bnf.fr/ark:/12148/cb313417528","https://gallica.bnf.fr/ark:/12148/bpt6k71623z"
"0101000020E610000057957D57048F22C0D881734694564340","http://www.geonames.org/2262787","SCUDERY_MORTDECESAR","1","Tage","Tagus","Fleuve","Péninsule Ibérique","Europe","38.6764","-9.27933","262","","Scudéry, Georges de","La Mort de César","Tragédie","1636","30","1637","30","http://dramacode.github.io/tcp5/scudery_mortdecesar.xml","https://catalogue.bnf.fr/ark:/12148/cb313417528","https://gallica.bnf.fr/ark:/12148/bpt6k71623z"
"0101000020E610000011FFB0A5479328406D1CB1169FE04440","https://pleiades.stoa.org/places/422995","SCUDERY_MORTDECESAR","1","Ostie","Ostia","Ville","Italie","Europe","41.754855","12.287656","263","","Scudéry, Georges de","La Mort de César","Tragédie","1636","30","1637","30","http://dramacode.github.io/tcp5/scudery_mortdecesar.xml","https://catalogue.bnf.fr/ark:/12148/cb313417528","https://gallica.bnf.fr/ark:/12148/bpt6k71623z"
"0101000020E6100000B727486C77F72840213D450E11F14440","https://pleiades.stoa.org/places/865014139","SCUDERY_MORTDECESAR","1","Aventin","Aventine Hill","Lieu","Italie","Europe","41.883333","12.483333","264","Lieu ou montagne?","Scudéry, Georges de","La Mort de César","Tragédie","1636","30","1637","30","http://dramacode.github.io/tcp5/scudery_mortdecesar.xml","https://catalogue.bnf.fr/ark:/12148/cb313417528","https://gallica.bnf.fr/ark:/12148/bpt6k71623z"
"0101000020E61000000000000000803B400000000000404540","https://pleiades.stoa.org/places/991379","SCUDERY_MORTDECESAR","1","Scythie","Scythie","Région","Orient","Asie","42.5","27.5","265","","Scudéry, Georges de","La Mort de César","Tragédie","1636","30","1637","30","http://dramacode.github.io/tcp5/scudery_mortdecesar.xml","https://catalogue.bnf.fr/ark:/12148/cb313417528","https://gallica.bnf.fr/ark:/12148/bpt6k71623z"
"0101000020E6100000EEB1F4A10B422940211FF46C56B94440","https://pleiades.stoa.org/places/422837","SCUDERY_MORTDECESAR","1","Antium","Anzio","Ville","Italie","Europe","41.44795","12.628995","266","","Scudéry, Georges de","La Mort de César","Tragédie","1636","30","1637","30","http://dramacode.github.io/tcp5/scudery_mortdecesar.xml","https://catalogue.bnf.fr/ark:/12148/cb313417528","https://gallica.bnf.fr/ark:/12148/bpt6k71623z"
"0101000020E6100000ECBA320E871536406A08883639EB3C40","https://pleiades.stoa.org/places/991375","SCUDERY_MORTDECESAR","1","Libye","Libya","Pays","Afrique","Afrique","28.9188417513","22.0840920328","267","Bon id?","Scudéry, Georges de","La Mort de César","Tragédie","1636","30","1637","30","http://dramacode.github.io/tcp5/scudery_mortdecesar.xml","https://catalogue.bnf.fr/ark:/12148/cb313417528","https://gallica.bnf.fr/ark:/12148/bpt6k71623z"
"0101000020E610000000000000004045400000000000803B40","https://pleiades.stoa.org/places/29475","SCUDERY_MORTDECESAR","1","Arabie","Arabia","Région","Orient","Asie","27.5","42.5","268","","Scudéry, Georges de","La Mort de César","Tragédie","1636","30","1637","30","http://dramacode.github.io/tcp5/scudery_mortdecesar.xml","https://catalogue.bnf.fr/ark:/12148/cb313417528","https://gallica.bnf.fr/ark:/12148/bpt6k71623z"
"0101000020E61000000000000000001E400000000000404040","https://pleiades.stoa.org/places/775","SCUDERY_MORTDECESAR","2","Afrique","Africa","Continent","","Afrique","32.5","7.5","269","","Scudéry, Georges de","La Mort de César","Tragédie","1636","30","1637","30","http://dramacode.github.io/tcp5/scudery_mortdecesar.xml","https://catalogue.bnf.fr/ark:/12148/cb313417528","https://gallica.bnf.fr/ark:/12148/bpt6k71623z"
"0101000020E610000072A774B0FE8F05C037FDD98F14614B40","http://www.geonames.org/2635167","SCUDERY_MORTDECESAR","1","Grande-Bretagne","Great-Britain","Pays","Grande-Bretagne","Europe","54.75844","-2.69531","270","","Scudéry, Georges de","La Mort de César","Tragédie","1636","30","1637","30","http://dramacode.github.io/tcp5/scudery_mortdecesar.xml","https://catalogue.bnf.fr/ark:/12148/cb313417528","https://gallica.bnf.fr/ark:/12148/bpt6k71623z"
"0101000020E610000000000000000010C00000000000004440","http://www.geonames.org/2510769","SCUDERY_MORTDECESAR","1","Espagne","Spain","Pays","Péninsule Ibérique","Europe","40","-4","271","","Scudéry, Georges de","La Mort de César","Tragédie","1636","30","1637","30","http://dramacode.github.io/tcp5/scudery_mortdecesar.xml","https://catalogue.bnf.fr/ark:/12148/cb313417528","https://gallica.bnf.fr/ark:/12148/bpt6k71623z"
"NaN","http://www.geonames.org/390903","SCUDERY_MORTDECESAR","1","Grèce","Greece","Pays","Grèce","Europe","39","22","272","","Scudéry, Georges de","La Mort de César","Tragédie","1636","30","1637","30","http://dramacode.github.io/tcp5/scudery_mortdecesar.xml","https://catalogue.bnf.fr/ark:/12148/cb313417528","https://gallica.bnf.fr/ark:/12148/bpt6k71623z"
"0101000020E61000000000000000003E400000000000003B40","http://www.geonames.org/357994","SCUDERY_MORTDECESAR","1","Égypte","Egypt","Pays","Afrique","Afrique","27","30","273","","Scudéry, Georges de","La Mort de César","Tragédie","1636","30","1637","30","http://dramacode.github.io/tcp5/scudery_mortdecesar.xml","https://catalogue.bnf.fr/ark:/12148/cb313417528","https://gallica.bnf.fr/ark:/12148/bpt6k71623z"
"0101000020E61000000000000000001E400000000000404A40","https://pleiades.stoa.org/places/20468","SCUDERY_MORTDECESAR","1","Germanie","Germania","Pays","Allemagne","Europe","52.5","7.5","274","","Scudéry, Georges de","La Mort de César","Tragédie","1636","30","1637","30","http://dramacode.github.io/tcp5/scudery_mortdecesar.xml","https://catalogue.bnf.fr/ark:/12148/cb313417528","https://gallica.bnf.fr/ark:/12148/bpt6k71623z"