piece,occurrence,traduction_anglaise,type,zone_geographique,continent,lat,lng,auteur_2,titre,genre,representation,decennie,publication,decennie2,column2,column3,column4
BOYER_AGAMEMNON,Asie,Asia,Continent,,,29.84064,89.29688,Claude Boyer,Agammemnon,Tragédie,1647,40,1680,80,http://dramacode.github.io/bibdramatique/boyer_agamemnon.xml,https://catalogue.bnf.fr/ark:/12148/cb301521083,
BOYER_AGAMEMNON,Grèce,Greece,Pays,Grèce,Europe,39,22,Claude Boyer,Agammemnon,Tragédie,1647,40,1680,80,http://dramacode.github.io/bibdramatique/boyer_agamemnon.xml,https://catalogue.bnf.fr/ark:/12148/cb301521083,
BOYER_AGAMEMNON,Mycènes,Mycenae,Ville,Grèce,Europe,37.7300345711,22.7540710459,Claude Boyer,Agammemnon,Tragédie,1647,40,1680,80,http://dramacode.github.io/bibdramatique/boyer_agamemnon.xml,https://catalogue.bnf.fr/ark:/12148/cb301521083,
BOYER_AGAMEMNON,Phocide,Phocis,Région,Grèce,Europe,38.5,22.25,Claude Boyer,Agammemnon,Tragédie,1647,40,1680,80,http://dramacode.github.io/bibdramatique/boyer_agamemnon.xml,https://catalogue.bnf.fr/ark:/12148/cb301521083,
BOYER_AGAMEMNON,Ilion,Ilion,Ville,Grèce,Europe,39.740892,20.552904,Claude Boyer,Agammemnon,Tragédie,1647,40,1680,80,http://dramacode.github.io/bibdramatique/boyer_agamemnon.xml,https://catalogue.bnf.fr/ark:/12148/cb301521083,
BOYER_AGAMEMNON,mer Egée,Aegean Sea,Mer,Grèce,Europe,37.4126570185,25.8014773544,Claude Boyer,Agammemnon,Tragédie,1647,40,1680,80,http://dramacode.github.io/bibdramatique/boyer_agamemnon.xml,https://catalogue.bnf.fr/ark:/12148/cb301521083,
BOYER_AGAMEMNON,Argos,Argos,Ville,Grèce,Europe,37.631561,22.719464,Claude Boyer,Agammemnon,Tragédie,1647,40,1680,80,http://dramacode.github.io/bibdramatique/boyer_agamemnon.xml,https://catalogue.bnf.fr/ark:/12148/cb301521083,
BOYER_AGAMEMNON,Troie,Troy,Ville,Anatolie,Asie,39.9574327844,26.2384586227,Claude Boyer,Agammemnon,Tragédie,1647,40,1680,80,http://dramacode.github.io/bibdramatique/boyer_agamemnon.xml,https://catalogue.bnf.fr/ark:/12148/cb301521083,
BOYER_AGAMEMNON,Crète,Creta,Pays,Grèce,Europe,35.0627201667,24.9469437222,Claude Boyer,Agammemnon,Tragédie,1647,40,1680,80,http://dramacode.github.io/bibdramatique/boyer_agamemnon.xml,https://catalogue.bnf.fr/ark:/12148/cb301521083,
BOYER_AGAMEMNON,Sparte,Sparta,Ville,Grèce,Europe,37.077905,22.4272985,Claude Boyer,Agammemnon,Tragédie,1647,40,1680,80,http://dramacode.github.io/bibdramatique/boyer_agamemnon.xml,https://catalogue.bnf.fr/ark:/12148/cb301521083,
BOYER_AGAMEMNON,Athènes,Athens,Ville,Grèce,Europe,37.9728191495,23.7237438519,Claude Boyer,Agammemnon,Tragédie,1647,40,1680,80,http://dramacode.github.io/bibdramatique/boyer_agamemnon.xml,https://catalogue.bnf.fr/ark:/12148/cb301521083,
BOYER_AGAMEMNON,Corinthe,Corinth,Ville,Grèce,Europe,37.8980016198,22.8999795422,Claude Boyer,Agammemnon,Tragédie,1647,40,1680,80,http://dramacode.github.io/bibdramatique/boyer_agamemnon.xml,https://catalogue.bnf.fr/ark:/12148/cb301521083,
BOYER_AGAMEMNON,Ithaque,Ithaca,Île,Grèce,Europe,38.44193,20.638399,Claude Boyer,Agammemnon,Tragédie,1647,40,1680,80,http://dramacode.github.io/bibdramatique/boyer_agamemnon.xml,https://catalogue.bnf.fr/ark:/12148/cb301521083,
BOYER_AGAMEMNON,Epire,Epirus,Région,Grèce,Europe,39.5771060055,20.589832047,Claude Boyer,Agammemnon,Tragédie,1647,40,1680,80,http://dramacode.github.io/bibdramatique/boyer_agamemnon.xml,https://catalogue.bnf.fr/ark:/12148/cb301521083,
BOYER_AGAMEMNON,Europe,Europa,Continent,,Europe,48.69096,9.14062,Claude Boyer,Agammemnon,Tragédie,1647,40,1680,80,http://dramacode.github.io/bibdramatique/boyer_agamemnon.xml,https://catalogue.bnf.fr/ark:/12148/cb301521083,
BOYER_AMOURSJUPITERSEMELE,Europe,Europa,Continent,,Europe,48.69096,9.14062,Claude Boyer,Les Amours de Jupiter et Sémélé,Tragédie,1666,60,1666,60,http://dramacode.github.io/bibdramatique/boyer_amoursjupitersemele.xml,https://catalogue.bnf.fr/ark:/12148/cb30152109f,https://gallica.bnf.fr/ark:/12148/bpt6k83827k
BOYER_AMOURSJUPITERSEMELE,Parnasse,Mount Parnassus,Montagne,Grèce,Europe,38.535435,22.621902,Claude Boyer,Les Amours de Jupiter et Sémélé,Tragédie,1666,60,1666,60,http://dramacode.github.io/bibdramatique/boyer_amoursjupitersemele.xml,https://catalogue.bnf.fr/ark:/12148/cb30152109f,https://gallica.bnf.fr/ark:/12148/bpt6k83827k
BOYER_AMOURSJUPITERSEMELE,Argos,Argos,Ville,Grèce,Europe,37.631561,22.719464,Claude Boyer,Les Amours de Jupiter et Sémélé,Tragédie,1666,60,1666,60,http://dramacode.github.io/bibdramatique/boyer_amoursjupitersemele.xml,https://catalogue.bnf.fr/ark:/12148/cb30152109f,https://gallica.bnf.fr/ark:/12148/bpt6k83827k
BOYER_AMOURSJUPITERSEMELE,Thèbes,Thebes,Ville,Grèce,Europe,38.319156,23.317577,Claude Boyer,Les Amours de Jupiter et Sémélé,Tragédie,1666,60,1666,60,http://dramacode.github.io/bibdramatique/boyer_amoursjupitersemele.xml,https://catalogue.bnf.fr/ark:/12148/cb30152109f,https://gallica.bnf.fr/ark:/12148/bpt6k83827k
BOYER_ARISTODEME,Sparte,Sparta,Ville,Grèce,Europe,37.077905,22.4272985,Claude Boyer,Aristodème,Tragédie,1647,40,1648,40,http://dramacode.github.io/tcp5/boyer_aristodeme.xml,https://catalogue.bnf.fr/ark:/12148/cb30152112b,https://gallica.bnf.fr/ark:/12148/bpt6k71607q
BOYER_ARISTODEME,Messénie,Messinia,Région,Grèce,Europe,37.25,21.83333,Claude Boyer,Aristodème,Tragédie,1647,40,1648,40,http://dramacode.github.io/tcp5/boyer_aristodeme.xml,https://catalogue.bnf.fr/ark:/12148/cb30152112b,https://gallica.bnf.fr/ark:/12148/bpt6k71607q
BOYER_ARISTODEME,mont Ithomé,Ithome,Montagne,Grèce,Europe,37.179299,21.92169,Claude Boyer,Aristodème,Tragédie,1647,40,1648,40,http://dramacode.github.io/tcp5/boyer_aristodeme.xml,https://catalogue.bnf.fr/ark:/12148/cb30152112b,https://gallica.bnf.fr/ark:/12148/bpt6k71607q
BOYER_ARISTODEME,Messène,Messene,Ville,Grèce,Europe,37.179299,21.92169,Claude Boyer,Aristodème,Tragédie,1647,40,1648,40,http://dramacode.github.io/tcp5/boyer_aristodeme.xml,https://catalogue.bnf.fr/ark:/12148/cb30152112b,https://gallica.bnf.fr/ark:/12148/bpt6k71607q
BOYER_ARISTODEME,Haly,Kızılırmak,Fleuve,Anatolie,Asie,41.6767598,35.9295291,Claude Boyer,Aristodème,Tragédie,1647,40,1648,40,http://dramacode.github.io/tcp5/boyer_aristodeme.xml,https://catalogue.bnf.fr/ark:/12148/cb30152112b,https://gallica.bnf.fr/ark:/12148/bpt6k71607q
BOYER_ARTAXERCE,Perse,Persia,Pays,Orient,Asie,32,53,Claude Boyer,Artaxerce,Tragédie,1682,80,1683,80,http://dramacode.github.io/bibdramatique/boyer_artaxerce.xml,https://catalogue.bnf.fr/ark:/12148/cb30152113p,
BOYER_ARTAXERCE,Babylone,Babylon,Ville,Orient,Asie,32.5387834636,44.4236176449,Claude Boyer,Artaxerce,Tragédie,1682,80,1683,80,http://dramacode.github.io/bibdramatique/boyer_artaxerce.xml,https://catalogue.bnf.fr/ark:/12148/cb30152113p,
BOYER_ARTAXERCE,Asie,Asia,Continent,,Asie,29.84064,89.29688,Claude Boyer,Artaxerce,Tragédie,1682,80,1683,80,http://dramacode.github.io/bibdramatique/boyer_artaxerce.xml,https://catalogue.bnf.fr/ark:/12148/cb30152113p,
SCUDERY_MORTDECESAR,Seine,Seine,Fleuve,France,Europe,49.44469,0.38177,Georges de Scudéry,La Mort de César,Tragédie,1636,30,1637,30,http://dramacode.github.io/tcp5/scudery_mortdecesar.xml,https://catalogue.bnf.fr/ark:/12148/cb313417528,https://gallica.bnf.fr/ark:/12148/bpt6k71623z
SCUDERY_MORTDECESAR,Danube,Danube,Fleuve,,Europe,45.33333,29.66667,Georges de Scudéry,La Mort de César,Tragédie,1636,30,1637,30,http://dramacode.github.io/tcp5/scudery_mortdecesar.xml,https://catalogue.bnf.fr/ark:/12148/cb313417528,https://gallica.bnf.fr/ark:/12148/bpt6k71623z
SCUDERY_MORTDECESAR,Gange,Ganges,Fleuve,Extrême-Orient,Asie,23.36667,90.53333,Georges de Scudéry,La Mort de César,Tragédie,1636,30,1637,30,http://dramacode.github.io/tcp5/scudery_mortdecesar.xml,https://catalogue.bnf.fr/ark:/12148/cb313417528,https://gallica.bnf.fr/ark:/12148/bpt6k71623z
SCUDERY_MORTDECESAR,Rome,Roma,Ville,Italie,Europe,41.891775,12.486137,Georges de Scudéry,La Mort de César,Tragédie,1636,30,1637,30,http://dramacode.github.io/tcp5/scudery_mortdecesar.xml,https://catalogue.bnf.fr/ark:/12148/cb313417528,https://gallica.bnf.fr/ark:/12148/bpt6k71623z
SCUDERY_MORTDECESAR,Pharsale,Farsala,Ville,Grèce,Europe,39.30915475,22.3563245,Georges de Scudéry,La Mort de César,Tragédie,1636,30,1637,30,http://dramacode.github.io/tcp5/scudery_mortdecesar.xml,https://catalogue.bnf.fr/ark:/12148/cb313417528,https://gallica.bnf.fr/ark:/12148/bpt6k71623z
SCUDERY_MORTDECESAR,Italie,Italy,Pays,Italie,Europe,42.83333,12.83333,Georges de Scudéry,La Mort de César,Tragédie,1636,30,1637,30,http://dramacode.github.io/tcp5/scudery_mortdecesar.xml,https://catalogue.bnf.fr/ark:/12148/cb313417528,https://gallica.bnf.fr/ark:/12148/bpt6k71623z
SCUDERY_MORTDECESAR,Hircanie,Hyrcania,Région,Orient,Asie,37.1,56.3,Georges de Scudéry,La Mort de César,Tragédie,1636,30,1637,30,http://dramacode.github.io/tcp5/scudery_mortdecesar.xml,https://catalogue.bnf.fr/ark:/12148/cb313417528,https://gallica.bnf.fr/ark:/12148/bpt6k71623z
SCUDERY_MORTDECESAR,Capitole,Capitoline Hill,Lieu,Italie,Europe,41.8925778,12.4822154,Georges de Scudéry,La Mort de César,Tragédie,1636,30,1637,30,http://dramacode.github.io/tcp5/scudery_mortdecesar.xml,https://catalogue.bnf.fr/ark:/12148/cb313417528,https://gallica.bnf.fr/ark:/12148/bpt6k71623z
SCUDERY_MORTDECESAR,Tage,Tagus,Fleuve,Péninsule Ibérique,Europe,38.6764,-9.27933,Georges de Scudéry,La Mort de César,Tragédie,1636,30,1637,30,http://dramacode.github.io/tcp5/scudery_mortdecesar.xml,https://catalogue.bnf.fr/ark:/12148/cb313417528,https://gallica.bnf.fr/ark:/12148/bpt6k71623z
SCUDERY_MORTDECESAR,Ostie,Ostia,Ville,Italie,Europe,41.754855,12.287656,Georges de Scudéry,La Mort de César,Tragédie,1636,30,1637,30,http://dramacode.github.io/tcp5/scudery_mortdecesar.xml,https://catalogue.bnf.fr/ark:/12148/cb313417528,https://gallica.bnf.fr/ark:/12148/bpt6k71623z
SCUDERY_MORTDECESAR,Aventin,Aventine Hill,Lieu,Italie,Europe,41.883333,12.483333,Georges de Scudéry,La Mort de César,Tragédie,1636,30,1637,30,http://dramacode.github.io/tcp5/scudery_mortdecesar.xml,https://catalogue.bnf.fr/ark:/12148/cb313417528,https://gallica.bnf.fr/ark:/12148/bpt6k71623z
SCUDERY_MORTDECESAR,Scythie,Scythie,Région,Orient,Asie,42.5,27.5,Georges de Scudéry,La Mort de César,Tragédie,1636,30,1637,30,http://dramacode.github.io/tcp5/scudery_mortdecesar.xml,https://catalogue.bnf.fr/ark:/12148/cb313417528,https://gallica.bnf.fr/ark:/12148/bpt6k71623z
SCUDERY_MORTDECESAR,Antium,Anzio,Ville,Italie,Europe,41.44795,12.628995,Georges de Scudéry,La Mort de César,Tragédie,1636,30,1637,30,http://dramacode.github.io/tcp5/scudery_mortdecesar.xml,https://catalogue.bnf.fr/ark:/12148/cb313417528,https://gallica.bnf.fr/ark:/12148/bpt6k71623z
SCUDERY_MORTDECESAR,Libye,Libya,Pays,Afrique,Afrique,28.9188417513,22.0840920328,Georges de Scudéry,La Mort de César,Tragédie,1636,30,1637,30,http://dramacode.github.io/tcp5/scudery_mortdecesar.xml,https://catalogue.bnf.fr/ark:/12148/cb313417528,https://gallica.bnf.fr/ark:/12148/bpt6k71623z
SCUDERY_MORTDECESAR,Arabie,Arabia,Région,Orient,Asie,27.5,42.5,Georges de Scudéry,La Mort de César,Tragédie,1636,30,1637,30,http://dramacode.github.io/tcp5/scudery_mortdecesar.xml,https://catalogue.bnf.fr/ark:/12148/cb313417528,https://gallica.bnf.fr/ark:/12148/bpt6k71623z
SCUDERY_MORTDECESAR,Afrique,Africa,Continent,,Afrique,32.5,7.5,Georges de Scudéry,La Mort de César,Tragédie,1636,30,1637,30,http://dramacode.github.io/tcp5/scudery_mortdecesar.xml,https://catalogue.bnf.fr/ark:/12148/cb313417528,https://gallica.bnf.fr/ark:/12148/bpt6k71623z
SCUDERY_MORTDECESAR,Grande-Bretagne,Great-Britain,Pays,Grande-Bretagne,Europe,54.75844,-2.69531,Georges de Scudéry,La Mort de César,Tragédie,1636,30,1637,30,http://dramacode.github.io/tcp5/scudery_mortdecesar.xml,https://catalogue.bnf.fr/ark:/12148/cb313417528,https://gallica.bnf.fr/ark:/12148/bpt6k71623z
SCUDERY_MORTDECESAR,Espagne,Spain,Pays,Péninsule Ibérique,Europe,40,-4,Georges de Scudéry,La Mort de César,Tragédie,1636,30,1637,30,http://dramacode.github.io/tcp5/scudery_mortdecesar.xml,https://catalogue.bnf.fr/ark:/12148/cb313417528,https://gallica.bnf.fr/ark:/12148/bpt6k71623z
SCUDERY_MORTDECESAR,Grèce,Greece,Pays,Grèce,Europe,39,22,Georges de Scudéry,La Mort de César,Tragédie,1636,30,1637,30,http://dramacode.github.io/tcp5/scudery_mortdecesar.xml,https://catalogue.bnf.fr/ark:/12148/cb313417528,https://gallica.bnf.fr/ark:/12148/bpt6k71623z
SCUDERY_MORTDECESAR,Égypte,Egypt,Pays,Afrique,Afrique,27,30,Georges de Scudéry,La Mort de César,Tragédie,1636,30,1637,30,http://dramacode.github.io/tcp5/scudery_mortdecesar.xml,https://catalogue.bnf.fr/ark:/12148/cb313417528,https://gallica.bnf.fr/ark:/12148/bpt6k71623z
SCUDERY_MORTDECESAR,Germanie,Germania,Pays,Allemagne,Europe,52.5,7.5,Georges de Scudéry,La Mort de César,Tragédie,1636,30,1637,30,http://dramacode.github.io/tcp5/scudery_mortdecesar.xml,https://catalogue.bnf.fr/ark:/12148/cb313417528,https://gallica.bnf.fr/ark:/12148/bpt6k71623z
SCUDERY_ORANTE,Pise,Pisa,Ville,Italie,Europe,43.70853,10.4036,Georges de Scudéry,Orante,Tragi-comédie,,,1636,30,http://dramacode.github.io/bibdramatique/scudery_orante.xml,https://catalogue.bnf.fr/ark:/12148/cb360398455,https://catalogue.bnf.fr/ark:/12148/cb360398455
SCUDERY_ORANTE,Naples,Naples,Ville,Italie,Europe,40.85216,14.26811,Georges de Scudéry,Orante,Tragi-comédie,,,1636,30,http://dramacode.github.io/bibdramatique/scudery_orante.xml,https://catalogue.bnf.fr/ark:/12148/cb360398455,https://catalogue.bnf.fr/ark:/12148/cb360398455
SCUDERY_ORANTE,Florence,Florence,Ville,Italie,Europe,43.77925,11.24626,Georges de Scudéry,Orante,Tragi-comédie,,,1636,30,http://dramacode.github.io/bibdramatique/scudery_orante.xml,https://catalogue.bnf.fr/ark:/12148/cb360398455,https://catalogue.bnf.fr/ark:/12148/cb360398455
SCUDERY_ORANTE,Gange,Ganges,Fleuve,Extrême-Orient,Asie,23.36667,90.53333,Georges de Scudéry,Orante,Tragi-comédie,,,1636,30,http://dramacode.github.io/bibdramatique/scudery_orante.xml,https://catalogue.bnf.fr/ark:/12148/cb360398455,https://catalogue.bnf.fr/ark:/12148/cb360398455
SCUDERY_ORANTE,Osse,Ossa,Montagne,Grèce,Europe,39.7957751,22.6851958,Georges de Scudéry,Orante,Tragi-comédie,,,1636,30,http://dramacode.github.io/bibdramatique/scudery_orante.xml,https://catalogue.bnf.fr/ark:/12148/cb360398455,https://catalogue.bnf.fr/ark:/12148/cb360398455
SCUDERY_ORANTE,Pélion,Pelion,Montagne,Grèce,Europe,39.25,23.25,Georges de Scudéry,Orante,Tragi-comédie,,,1636,30,http://dramacode.github.io/bibdramatique/scudery_orante.xml,https://catalogue.bnf.fr/ark:/12148/cb360398455,https://catalogue.bnf.fr/ark:/12148/cb360398455
SCUDERY_ORANTE,France,France,Pays,France,Europe,46,2,Georges de Scudéry,Orante,Tragi-comédie,,,1636,30,http://dramacode.github.io/bibdramatique/scudery_orante.xml,https://catalogue.bnf.fr/ark:/12148/cb360398455,https://catalogue.bnf.fr/ark:/12148/cb360398455
SCUDERY_ORANTE,Troie,Troy,Ville,Anatolie,Asie,39.9574327844,26.2384586227,Georges de Scudéry,Orante,Tragi-comédie,,,1636,30,http://dramacode.github.io/bibdramatique/scudery_orante.xml,https://catalogue.bnf.fr/ark:/12148/cb360398455,https://catalogue.bnf.fr/ark:/12148/cb360398455
SCUDERY_ORANTE,Pouzzole,Pozzuoli,Ville,Italie,Europe,40.84394,14.0952,Georges de Scudéry,Orante,Tragi-comédie,,,1636,30,http://dramacode.github.io/bibdramatique/scudery_orante.xml,https://catalogue.bnf.fr/ark:/12148/cb360398455,https://catalogue.bnf.fr/ark:/12148/cb360398455
SCUDERY_ORANTE,Italie,Italy,Pays,Italie,Europe,42.83333,12.83333,Georges de Scudéry,Orante,Tragi-comédie,,,1636,30,http://dramacode.github.io/bibdramatique/scudery_orante.xml,https://catalogue.bnf.fr/ark:/12148/cb360398455,https://catalogue.bnf.fr/ark:/12148/cb360398455
SCUDERY_PRINCEDEGUISE,Sicile,Sicily,Région,Italie,Europe,37.75,14.25,Georges de Scudéry,Le Prince déguisé,Tragi-comédie,1635,30,1636,30,http://dramacode.github.io/tcp5/scudery_princedeguise.xml,https://catalogue.bnf.fr/ark:/12148/cb313417570,https://gallica.bnf.fr/ark:/12148/bpt6k5620674c
SCUDERY_PRINCEDEGUISE,Naples,Naples,Ville,Italie,Europe,40.85216,14.26811,Georges de Scudéry,Le Prince déguisé,Tragi-comédie,1635,30,1636,30,http://dramacode.github.io/tcp5/scudery_princedeguise.xml,https://catalogue.bnf.fr/ark:/12148/cb313417570,https://gallica.bnf.fr/ark:/12148/bpt6k5620674c
SCUDERY_PRINCEDEGUISE,Europe,Europa,Continent,,Europe,48.69096,9.14062,Georges de Scudéry,Le Prince déguisé,Tragi-comédie,1635,30,1636,30,http://dramacode.github.io/tcp5/scudery_princedeguise.xml,https://catalogue.bnf.fr/ark:/12148/cb313417570,https://gallica.bnf.fr/ark:/12148/bpt6k5620674c
SCUDERY_PRINCEDEGUISE,Messine,Messina,Ville,Italie,Europe,38.19394,15.55256,Georges de Scudéry,Le Prince déguisé,Tragi-comédie,1635,30,1636,30,http://dramacode.github.io/tcp5/scudery_princedeguise.xml,https://catalogue.bnf.fr/ark:/12148/cb313417570,https://gallica.bnf.fr/ark:/12148/bpt6k5620674c
SCUDERY_PRINCEDEGUISE,Etna,Etna,Montagne,Italie,Europe,37.75029,14.99466,Georges de Scudéry,Le Prince déguisé,Tragi-comédie,1635,30,1636,30,http://dramacode.github.io/tcp5/scudery_princedeguise.xml,https://catalogue.bnf.fr/ark:/12148/cb313417570,https://gallica.bnf.fr/ark:/12148/bpt6k5620674c
SCUDERY_PRINCEDEGUISE,Vésuve,Mount Vesuvius,Montagne,Italie,Europe,40.82293,14.42874,Georges de Scudéry,Le Prince déguisé,Tragi-comédie,1635,30,1636,30,http://dramacode.github.io/tcp5/scudery_princedeguise.xml,https://catalogue.bnf.fr/ark:/12148/cb313417570,https://gallica.bnf.fr/ark:/12148/bpt6k5620674c
SCUDERY_PRINCEDEGUISE,Palerme,Palermo,Ville,Italie,Europe,38.13205,13.33561,Georges de Scudéry,Le Prince déguisé,Tragi-comédie,1635,30,1636,30,http://dramacode.github.io/tcp5/scudery_princedeguise.xml,https://catalogue.bnf.fr/ark:/12148/cb313417570,https://gallica.bnf.fr/ark:/12148/bpt6k5620674c
SCUDERY_PRINCEDEGUISE,Grèce,Greece,Pays,Grèce,Europe,39,22,Georges de Scudéry,Le Prince déguisé,Tragi-comédie,1635,30,1636,30,http://dramacode.github.io/tcp5/scudery_princedeguise.xml,https://catalogue.bnf.fr/ark:/12148/cb313417570,https://gallica.bnf.fr/ark:/12148/bpt6k5620674c
SCUDERY_PRINCEDEGUISE,Italie,Italy,Pays,Italie,Europe,42.83333,12.83333,Georges de Scudéry,Le Prince déguisé,Tragi-comédie,1635,30,1636,30,http://dramacode.github.io/tcp5/scudery_princedeguise.xml,https://catalogue.bnf.fr/ark:/12148/cb313417570,https://gallica.bnf.fr/ark:/12148/bpt6k5620674c
SCUDERY_PRINCEDEGUISE,Gaule,Gaul,Pays,France,Europe,45.57717715,2.49095881905,Georges de Scudéry,Le Prince déguisé,Tragi-comédie,1635,30,1636,30,http://dramacode.github.io/tcp5/scudery_princedeguise.xml,https://catalogue.bnf.fr/ark:/12148/cb313417570,https://gallica.bnf.fr/ark:/12148/bpt6k5620674c
SCUDERY_PRINCEDEGUISE,Averne,Avernus,Lac,Italie,Europe,40.838333,14075,Georges de Scudéry,Le Prince déguisé,Tragi-comédie,1635,30,1636,30,http://dramacode.github.io/tcp5/scudery_princedeguise.xml,https://catalogue.bnf.fr/ark:/12148/cb313417570,https://gallica.bnf.fr/ark:/12148/bpt6k5620674c
SCUDERY_VASSALGENEREUX,Gaule armorique,Brittany,Région,France,Europe,48.5,-3.5,Georges de Scudéry,Le Vassal généreux,Tragi-comédie,,,1636,30,http://dramacode.github.io/bibdramatique/scudery_vassalgenereux.xml,https://catalogue.bnf.fr/ark:/12148/cb31341762k,
SCUDERY_VASSALGENEREUX,Reims,Reims,Ville,France,Europe,49.25,4.03333,Georges de Scudéry,Le Vassal généreux,Tragi-comédie,,,1636,30,http://dramacode.github.io/bibdramatique/scudery_vassalgenereux.xml,https://catalogue.bnf.fr/ark:/12148/cb31341762k,
SCUDERY_VASSALGENEREUX,Paris,Paris,Ville,France,Europe,48.85341,2.3488,Georges de Scudéry,Le Vassal généreux,Tragi-comédie,,,1636,30,http://dramacode.github.io/bibdramatique/scudery_vassalgenereux.xml,https://catalogue.bnf.fr/ark:/12148/cb31341762k,
SCUDERY_VASSALGENEREUX,France,France,Pays,France,Europe,46,2,Georges de Scudéry,Le Vassal généreux,Tragi-comédie,,,1636,30,http://dramacode.github.io/bibdramatique/scudery_vassalgenereux.xml,https://catalogue.bnf.fr/ark:/12148/cb31341762k,
SCUDERY_VASSALGENEREUX,Gaules,Gaul,Pays,France,Europe,45.57717715,2.49095881905,Georges de Scudéry,Le Vassal généreux,Tragi-comédie,,,1636,30,http://dramacode.github.io/bibdramatique/scudery_vassalgenereux.xml,https://catalogue.bnf.fr/ark:/12148/cb31341762k,
SCUDERY_MORTDECESAR,Tibre,Tiber,Fleuve,Italie,Europe,41.74032,12.23371,Georges de Scudéry,La Mort de César,Tragédie,1636,30,1637,30,http://dramacode.github.io/tcp5/scudery_mortdecesar.xml,https://catalogue.bnf.fr/ark:/12148/cb313417528,https://gallica.bnf.fr/ark:/12148/bpt6k71623z
RACINE_BERENICE,Palestine,Palestine,Pays,Levant,Asie,31.25,34.75,Jean Racine,Bérénice,Tragédie,1670,70,1671,70,http://dramacode.github.io/tcp5/racine_berenice.xml,https://gallica.bnf.fr/ark:/12148/bpt6k70159b,https://catalogue.bnf.fr/ark:/12148/cb311691382
RACINE_BERENICE,Ostie,Ostia,Ville,Italie,Europe,41.754855,12.287656,Jean Racine,Bérénice,Tragédie,1670,70,1671,70,http://dramacode.github.io/tcp5/racine_berenice.xml,https://gallica.bnf.fr/ark:/12148/bpt6k70159b,https://catalogue.bnf.fr/ark:/12148/cb311691382
RACINE_BERENICE,Comagène,Commagene,Région,Anatolie,Asie,36.526222,37.9555335,Jean Racine,Bérénice,Tragédie,1670,70,1671,70,http://dramacode.github.io/tcp5/racine_berenice.xml,https://gallica.bnf.fr/ark:/12148/bpt6k70159b,https://catalogue.bnf.fr/ark:/12148/cb311691382
RACINE_BERENICE,Rome,Roma,Ville,Italie,Europe,41.891775,12.486137,Jean Racine,Bérénice,Tragédie,1670,70,1671,70,http://dramacode.github.io/tcp5/racine_berenice.xml,https://gallica.bnf.fr/ark:/12148/bpt6k70159b,https://catalogue.bnf.fr/ark:/12148/cb311691382
RACINE_BERENICE,Judée,Judea,Région,Levant,Asie,31.928333,35.238333,Jean Racine,Bérénice,Tragédie,1670,70,1671,70,http://dramacode.github.io/tcp5/racine_berenice.xml,https://gallica.bnf.fr/ark:/12148/bpt6k70159b,https://catalogue.bnf.fr/ark:/12148/cb311691382
RACINE_BERENICE,Euphrate,Euphrates,Fleuve,Orient,Asie,34.606583632,41.3596819651,Jean Racine,Bérénice,Tragédie,1670,70,1671,70,http://dramacode.github.io/tcp5/racine_berenice.xml,https://gallica.bnf.fr/ark:/12148/bpt6k70159b,https://catalogue.bnf.fr/ark:/12148/cb311691382
RACINE_BERENICE,Arabie,Arabia,Région,Orient,Asie,27.5,42.5,Jean Racine,Bérénice,Tragédie,1670,70,1671,70,http://dramacode.github.io/tcp5/racine_berenice.xml,https://gallica.bnf.fr/ark:/12148/bpt6k70159b,https://catalogue.bnf.fr/ark:/12148/cb311691382
RACINE_BERENICE,Syrie,Syria,Pays,Levant,Asie,37.5,37.5,Jean Racine,Bérénice,Tragédie,1670,70,1671,70,http://dramacode.github.io/tcp5/racine_berenice.xml,https://gallica.bnf.fr/ark:/12148/bpt6k70159b,https://catalogue.bnf.fr/ark:/12148/cb311691382
RACINE_BERENICE,Italie,Italy,Pays,Italie,Europe,42.83333,12.83333,Jean Racine,Bérénice,Tragédie,1670,70,1671,70,http://dramacode.github.io/tcp5/racine_berenice.xml,https://gallica.bnf.fr/ark:/12148/bpt6k70159b,https://catalogue.bnf.fr/ark:/12148/cb311691382
RACINE_BERENICE,Capitole,Capitoline Hill,Lieu,Italie,Europe,41.8925778,12.4822154,Jean Racine,Bérénice,Tragédie,1670,70,1671,70,http://dramacode.github.io/tcp5/racine_berenice.xml,https://gallica.bnf.fr/ark:/12148/bpt6k70159b,https://catalogue.bnf.fr/ark:/12148/cb311691382
RACINE_BERENICE,Cilicie,Cilicia,Région,Anatolie,Asie,36.25,33.25,Jean Racine,Bérénice,Tragédie,1670,70,1671,70,http://dramacode.github.io/tcp5/racine_berenice.xml,https://gallica.bnf.fr/ark:/12148/bpt6k70159b,https://catalogue.bnf.fr/ark:/12148/cb311691382
RACINE_ESTHER,Rhin,Rhine,Fleuve,Allemagne,Europe,51.97198,5.91545,Jean Racine,Esther,Tragédie,1689,80,1689,80,http://dramacode.github.io/tcp5/racine_esther.xml,https://catalogue.bnf.fr/ark:/12148/cb31169205c,http://gallica.bnf.fr/ark:/12148/bpt6k704146
RACINE_ESTHER,Sion,Jerusalem,Ville,Levant,Asie,31.776679,35.234156,Jean Racine,Esther,Tragédie,1689,80,1689,80,http://dramacode.github.io/tcp5/racine_esther.xml,https://catalogue.bnf.fr/ark:/12148/cb31169205c,http://gallica.bnf.fr/ark:/12148/bpt6k704146
RACINE_ESTHER,Suse,Susa,Ville,Orient,Asie,32.1887935,48.2537285,Jean Racine,Esther,Tragédie,1689,80,1689,80,http://dramacode.github.io/tcp5/racine_esther.xml,https://catalogue.bnf.fr/ark:/12148/cb31169205c,http://gallica.bnf.fr/ark:/12148/bpt6k704146
RACINE_ESTHER,Inde,India,Pays,Extrême-Orient,Asie,22.5,77.5,Jean Racine,Esther,Tragédie,1689,80,1689,80,http://dramacode.github.io/tcp5/racine_esther.xml,https://catalogue.bnf.fr/ark:/12148/cb31169205c,http://gallica.bnf.fr/ark:/12148/bpt6k704146
RACINE_ESTHER,Hellespont,Hellespont,Mer,Grèce,Europe,40.2,26.4,Jean Racine,Esther,Tragédie,1689,80,1689,80,http://dramacode.github.io/tcp5/racine_esther.xml,https://catalogue.bnf.fr/ark:/12148/cb31169205c,http://gallica.bnf.fr/ark:/12148/bpt6k704146
RACINE_ESTHER,Égypte,Egypt,Pays,Afrique,Afrique,27,30,Jean Racine,Esther,Tragédie,1689,80,1689,80,http://dramacode.github.io/tcp5/racine_esther.xml,https://catalogue.bnf.fr/ark:/12148/cb31169205c,http://gallica.bnf.fr/ark:/12148/bpt6k704146
RACINE_ESTHER,Jérusalem,Jerusalem,Ville,Levant,Asie,31.776679,35.234156,Jean Racine,Esther,Tragédie,1689,80,1689,80,http://dramacode.github.io/tcp5/racine_esther.xml,https://catalogue.bnf.fr/ark:/12148/cb31169205c,http://gallica.bnf.fr/ark:/12148/bpt6k704146
RACINE_ESTHER,Jourdain,Jordan river,Fleuve,Levant,Asie,33.1864496,35.6191595,Jean Racine,Esther,Tragédie,1689,80,1689,80,http://dramacode.github.io/tcp5/racine_esther.xml,https://catalogue.bnf.fr/ark:/12148/cb31169205c,http://gallica.bnf.fr/ark:/12148/bpt6k704146
RACINE_ESTHER,Asie,Asia,Continent,,Asie,29.84064,89.29688,Jean Racine,Esther,Tragédie,1689,80,1689,80,http://dramacode.github.io/tcp5/racine_esther.xml,https://catalogue.bnf.fr/ark:/12148/cb31169205c,http://gallica.bnf.fr/ark:/12148/bpt6k704146
RACINE_ESTHER,Chaldée,Chaldea,Région,Anatolie,Asie,40.5,39.5,Jean Racine,Esther,Tragédie,1689,80,1689,80,http://dramacode.github.io/tcp5/racine_esther.xml,https://catalogue.bnf.fr/ark:/12148/cb31169205c,http://gallica.bnf.fr/ark:/12148/bpt6k704146
RACINE_ESTHER,Perse,Persia,Pays,Orient,Asie,32,53,Jean Racine,Esther,Tragédie,1689,80,1689,80,http://dramacode.github.io/tcp5/racine_esther.xml,https://catalogue.bnf.fr/ark:/12148/cb31169205c,http://gallica.bnf.fr/ark:/12148/bpt6k704146
RACINE_ESTHER,Euphrate,Euphrates,Fleuve,Orient,Asie,34.606583632,41.3596819651,Jean Racine,Esther,Tragédie,1689,80,1689,80,http://dramacode.github.io/tcp5/racine_esther.xml,https://catalogue.bnf.fr/ark:/12148/cb31169205c,http://gallica.bnf.fr/ark:/12148/bpt6k704146
RACINE_ESTHER,Babylone,Babylon,Ville,Orient,Asie,32.5387834636,44.4236176449,Jean Racine,Esther,Tragédie,1689,80,1689,80,http://dramacode.github.io/tcp5/racine_esther.xml,https://catalogue.bnf.fr/ark:/12148/cb31169205c,http://gallica.bnf.fr/ark:/12148/bpt6k704146
RACINE_ESTHER,Liban,Lebanon,Pays,Levant,Asie,33.83333,35.83333,Jean Racine,Esther,Tragédie,1689,80,1689,80,http://dramacode.github.io/tcp5/racine_esther.xml,https://catalogue.bnf.fr/ark:/12148/cb31169205c,http://gallica.bnf.fr/ark:/12148/bpt6k704146
RACINE_IPHIGENIE,Troie,Troy,Ville,Anatolie,Asie,39.9574327844,26.2384586227,Jean Racine,Iphigénie,Tragédie,1674,70,1674,70,http://dramacode.github.io/tcp5/racine_iphigenie.xml,https://catalogue.bnf.fr/ark:/12148/cb31169276w,https://gallica.bnf.fr/ark:/12148/bpt6k70413v
RACINE_IPHIGENIE,Ilion,Troy,Ville,Anatolie,Asie,39.9574327844,26.2384586227,Jean Racine,Iphigénie,Tragédie,1674,70,1674,70,http://dramacode.github.io/tcp5/racine_iphigenie.xml,https://catalogue.bnf.fr/ark:/12148/cb31169276w,https://gallica.bnf.fr/ark:/12148/bpt6k70413v
RACINE_IPHIGENIE,Asie,Asia,Continent,,Asie,29.84064,89.29688,Jean Racine,Iphigénie,Tragédie,1674,70,1674,70,http://dramacode.github.io/tcp5/racine_iphigenie.xml,https://catalogue.bnf.fr/ark:/12148/cb31169276w,https://gallica.bnf.fr/ark:/12148/bpt6k70413v
RACINE_IPHIGENIE,Grèce,Greece,Pays,Grèce,Europe,39,22,Jean Racine,Iphigénie,Tragédie,1674,70,1674,70,http://dramacode.github.io/tcp5/racine_iphigenie.xml,https://catalogue.bnf.fr/ark:/12148/cb31169276w,https://gallica.bnf.fr/ark:/12148/bpt6k70413v
RACINE_IPHIGENIE,Argos,Argos,Ville,Grèce,Europe,37.631561,22.719464,Jean Racine,Iphigénie,Tragédie,1674,70,1674,70,http://dramacode.github.io/tcp5/racine_iphigenie.xml,https://catalogue.bnf.fr/ark:/12148/cb31169276w,https://gallica.bnf.fr/ark:/12148/bpt6k70413v
RACINE_IPHIGENIE,Sparte,Sparta,Ville,Grèce,Europe,37.077905,22.4272985,Jean Racine,Iphigénie,Tragédie,1674,70,1674,70,http://dramacode.github.io/tcp5/racine_iphigenie.xml,https://catalogue.bnf.fr/ark:/12148/cb31169276w,https://gallica.bnf.fr/ark:/12148/bpt6k70413v
RACINE_IPHIGENIE,Mycènes,Mycenae,Ville,Grèce,Europe,37.7300345711,22.7540710459,Jean Racine,Iphigénie,Tragédie,1674,70,1674,70,http://dramacode.github.io/tcp5/racine_iphigenie.xml,https://catalogue.bnf.fr/ark:/12148/cb31169276w,https://gallica.bnf.fr/ark:/12148/bpt6k70413v
RACINE_IPHIGENIE,Lesbos,Lesbos,Île,Grèce,Europe,39.2074811,26.1342123,Jean Racine,Iphigénie,Tragédie,1674,70,1674,70,http://dramacode.github.io/tcp5/racine_iphigenie.xml,https://catalogue.bnf.fr/ark:/12148/cb31169276w,https://gallica.bnf.fr/ark:/12148/bpt6k70413v
RACINE_IPHIGENIE,Thessalie,Thessalia/Thessaly,Région,Grèce,Europe,37.5,22.5,Jean Racine,Iphigénie,Tragédie,1674,70,1674,70,http://dramacode.github.io/tcp5/racine_iphigenie.xml,https://catalogue.bnf.fr/ark:/12148/cb31169276w,https://gallica.bnf.fr/ark:/12148/bpt6k70413v
RACINE_IPHIGENIE,mer Égée,Aegean Sea,Mer,Grèce,Europe,37.4126570185,25.8014773544,Jean Racine,Iphigénie,Tragédie,1674,70,1674,70,http://dramacode.github.io/tcp5/racine_iphigenie.xml,https://catalogue.bnf.fr/ark:/12148/cb31169276w,https://gallica.bnf.fr/ark:/12148/bpt6k70413v
RACINE_IPHIGENIE,Hellespont,Hellespont,Mer,Grèce,Europe,40.2,26.4,Jean Racine,Iphigénie,Tragédie,1674,70,1674,70,http://dramacode.github.io/tcp5/racine_iphigenie.xml,https://catalogue.bnf.fr/ark:/12148/cb31169276w,https://gallica.bnf.fr/ark:/12148/bpt6k70413v
RACINE_IPHIGENIE,Europe,Europa,Continent,,Europe,48.69096,9.14062,Jean Racine,Iphigénie,Tragédie,1674,70,1674,70,http://dramacode.github.io/tcp5/racine_iphigenie.xml,https://catalogue.bnf.fr/ark:/12148/cb31169276w,https://gallica.bnf.fr/ark:/12148/bpt6k70413v
RACINE_PHEDRE,Corinthe,Corinth,Ville,Grèce,Europe,37.8980016198,22.8999795422,Jean Racine,Phèdre,Tragédie,1677,70,1677,70,http://dramacode.github.io/tcp5/racine_phedre.xml,https://catalogue.bnf.fr/ark:/12148/cb31169345w,https://gallica.bnf.fr/ark:/12148/btv1b8610817v
RACINE_PHEDRE,Achéron,Acheron,Fleuve,Grèce,Europe,39.2348296,20.4831346,Jean Racine,Phèdre,Tragédie,1677,70,1677,70,http://dramacode.github.io/tcp5/racine_phedre.xml,https://catalogue.bnf.fr/ark:/12148/cb31169345w,https://gallica.bnf.fr/ark:/12148/btv1b8610817v
RACINE_PHEDRE,Élide,Elis,Région,Grèce,Europe,37.75,21.25,Jean Racine,Phèdre,Tragédie,1677,70,1677,70,http://dramacode.github.io/tcp5/racine_phedre.xml,https://catalogue.bnf.fr/ark:/12148/cb31169345w,https://gallica.bnf.fr/ark:/12148/btv1b8610817v
RACINE_PHEDRE,Ténare,Cape Matapan,Cap,Grèce,Europe,36.5306726123,22.5982376992,Jean Racine,Phèdre,Tragédie,1677,70,1677,70,http://dramacode.github.io/tcp5/racine_phedre.xml,https://catalogue.bnf.fr/ark:/12148/cb31169345w,https://gallica.bnf.fr/ark:/12148/btv1b8610817v
RACINE_PHEDRE,Athènes,Athens,Ville,Grèce,Europe,37.9728191495,23.7237438519,Jean Racine,Phèdre,Tragédie,1677,70,1677,70,http://dramacode.github.io/tcp5/racine_phedre.xml,https://catalogue.bnf.fr/ark:/12148/cb31169345w,https://gallica.bnf.fr/ark:/12148/btv1b8610817v
RACINE_PHEDRE,Épidaure,Epidaurus,Ville,Grèce,Europe,37.6334625,23.16015635,Jean Racine,Phèdre,Tragédie,1677,70,1677,70,http://dramacode.github.io/tcp5/racine_phedre.xml,https://catalogue.bnf.fr/ark:/12148/cb31169345w,https://gallica.bnf.fr/ark:/12148/btv1b8610817v
RACINE_PHEDRE,Crète,Creta,Pays,Grèce,Europe,35.0627201667,24.9469437222,Jean Racine,Phèdre,Tragédie,1677,70,1677,70,http://dramacode.github.io/tcp5/racine_phedre.xml,https://catalogue.bnf.fr/ark:/12148/cb31169345w,https://gallica.bnf.fr/ark:/12148/btv1b8610817v
RACINE_PHEDRE,Sparte,Sparta,Ville,Grèce,Europe,37.077905,22.4272985,Jean Racine,Phèdre,Tragédie,1677,70,1677,70,http://dramacode.github.io/tcp5/racine_phedre.xml,https://catalogue.bnf.fr/ark:/12148/cb31169345w,https://gallica.bnf.fr/ark:/12148/btv1b8610817v
RACINE_PHEDRE,Salamine,Salamis Island,Île,Grèce,Europe,37.93,23.51,Jean Racine,Phèdre,Tragédie,1677,70,1677,70,http://dramacode.github.io/tcp5/racine_phedre.xml,https://catalogue.bnf.fr/ark:/12148/cb31169345w,https://gallica.bnf.fr/ark:/12148/btv1b8610817v
RACINE_PHEDRE,Grèce,Greece,Pays,Grèce,Europe,39,22,Jean Racine,Phèdre,Tragédie,1677,70,1677,70,http://dramacode.github.io/tcp5/racine_phedre.xml,https://catalogue.bnf.fr/ark:/12148/cb31169345w,https://gallica.bnf.fr/ark:/12148/btv1b8610817v
RACINE_PHEDRE,Épire,Epirus,Région,Grèce,Europe,39.5771060055,20.589832047,Jean Racine,Phèdre,Tragédie,1677,70,1677,70,http://dramacode.github.io/tcp5/racine_phedre.xml,https://catalogue.bnf.fr/ark:/12148/cb31169345w,https://gallica.bnf.fr/ark:/12148/btv1b8610817v
RACINE_PHEDRE,Olympe,Olympus,Montagne,Grèce,Europe,40.085556,22.358611,Jean Racine,Phèdre,Tragédie,1677,70,1677,70,http://dramacode.github.io/tcp5/racine_phedre.xml,https://catalogue.bnf.fr/ark:/12148/cb31169345w,https://gallica.bnf.fr/ark:/12148/btv1b8610817v
RACINE_PHEDRE,Argos,Argos,Ville,Grèce,Europe,37.631561,22.719464,Jean Racine,Phèdre,Tragédie,1677,70,1677,70,http://dramacode.github.io/tcp5/racine_phedre.xml,https://catalogue.bnf.fr/ark:/12148/cb31169345w,https://gallica.bnf.fr/ark:/12148/btv1b8610817v
RACINE_PHEDRE,Mycènes,Mycenae,Ville,Grèce,Europe,37.7300345711,22.7540710459,Jean Racine,Phèdre,Tragédie,1677,70,1677,70,http://dramacode.github.io/tcp5/racine_phedre.xml,https://catalogue.bnf.fr/ark:/12148/cb31169345w,https://gallica.bnf.fr/ark:/12148/btv1b8610817v
ROTROU_DOMBERNARDDECABRERE,Modique,Modica,Ville,Italie,Europe,36.85868,14.75966,Jean Rotrou,Don Bernard de Cabrère,Tragi-comédie,1646,40,1647,40,http://dramacode.github.io/tcp5/rotrou_dombernarddecabrere.xml,,
ROTROU_DOMBERNARDDECABRERE,Sardaigne,Sardinia,Île,Italie,Europe,40,9,Jean Rotrou,Don Bernard de Cabrère,Tragi-comédie,1646,40,1647,40,http://dramacode.github.io/tcp5/rotrou_dombernarddecabrere.xml,,
ROTROU_COSROES,Perse,Persia,Pays,Orient,Asie,32,53,Jean Rotrou,Cosroès,Tragédie,1648,40,1649,40,http://dramacode.github.io/tcp5/rotrou_cosroes.xml,https://catalogue.bnf.fr/ark:/12148/cb31251874w,https://gallica.bnf.fr/ark:/12148/btv1b8622110f
ROTROU_DOMBERNARDDECABRERE,Murcie,Murcia,Région,Péninsule Ibérique,Europe,38,-1.5,Jean Rotrou,Don Bernard de Cabrère,Tragi-comédie,1646,40,1647,40,http://dramacode.github.io/tcp5/rotrou_dombernarddecabrere.xml,,
ROTROU_COSROES,Europe,Europa,Continent,,Europe,48.69096,9.14062,Jean Rotrou,Cosroès,Tragédie,1648,40,1649,40,http://dramacode.github.io/tcp5/rotrou_cosroes.xml,https://catalogue.bnf.fr/ark:/12148/cb31251874w,https://gallica.bnf.fr/ark:/12148/btv1b8622110f
ROTROU_COSROES,Persépolis,Persepolis,Ville,Orient,Asie,29.9353403333,52.889437,Jean Rotrou,Cosroès,Tragédie,1648,40,1649,40,http://dramacode.github.io/tcp5/rotrou_cosroes.xml,https://catalogue.bnf.fr/ark:/12148/cb31251874w,https://gallica.bnf.fr/ark:/12148/btv1b8622110f
ROTROU_COSROES,Arménie,Armenia,Pays,Arménie,Asie,39.25,38.25,Jean Rotrou,Cosroès,Tragédie,1648,40,1649,40,http://dramacode.github.io/tcp5/rotrou_cosroes.xml,https://catalogue.bnf.fr/ark:/12148/cb31251874w,https://gallica.bnf.fr/ark:/12148/btv1b8622110f
ROTROU_COSROES,Asie,Asia,Continent,,Asie,29.84064,89.29688,Jean Rotrou,Cosroès,Tragédie,1648,40,1649,40,http://dramacode.github.io/tcp5/rotrou_cosroes.xml,https://catalogue.bnf.fr/ark:/12148/cb31251874w,https://gallica.bnf.fr/ark:/12148/btv1b8622110f
ROTROU_DEUXPUCELLES,Cythère,Cythera,Île,Grèce,Europe,36.2400122314,22.9829428015,Jean Rotrou,Les Deux Pucelles,Tragi-comédie,,,1639,30,http://www.theatre-classique.fr/pages/programmes/edition.php?t=../documents/ROTROU_DEUXPUCELLES.xml,,
ROTROU_DEUXPUCELLES,Tibre,Tiber,Fleuve,Italie,Europe,41.74032,12.23371,Jean Rotrou,Les Deux Pucelles,Tragi-comédie,,,1639,30,http://www.theatre-classique.fr/pages/programmes/edition.php?t=../documents/ROTROU_DEUXPUCELLES.xml,,
ROTROU_DEUXPUCELLES,Olympe,Olympus,Montagne,Grèce,Europe,40.085556,22.358611,Jean Rotrou,Les Deux Pucelles,Tragi-comédie,,,1639,30,http://www.theatre-classique.fr/pages/programmes/edition.php?t=../documents/ROTROU_DEUXPUCELLES.xml,,
ROTROU_DEUXPUCELLES,Séville,Seville,Ville,Péninsule Ibérique,Europe,37.38283,-5.97317,Jean Rotrou,Les Deux Pucelles,Tragi-comédie,,,1639,30,http://www.theatre-classique.fr/pages/programmes/edition.php?t=../documents/ROTROU_DEUXPUCELLES.xml,,
ROTROU_DEUXPUCELLES,Salamanque,Salamanca,Ville,Péninsule Ibérique,Europe,40.96882,-5.66388,Jean Rotrou,Les Deux Pucelles,Tragi-comédie,,,1639,30,http://www.theatre-classique.fr/pages/programmes/edition.php?t=../documents/ROTROU_DEUXPUCELLES.xml,,
ROTROU_DEUXPUCELLES,Italie,Italy,Pays,Italie,Europe,42.83333,12.83333,Jean Rotrou,Les Deux Pucelles,Tragi-comédie,,,1639,30,http://www.theatre-classique.fr/pages/programmes/edition.php?t=../documents/ROTROU_DEUXPUCELLES.xml,,
ROTROU_DEUXPUCELLES,Rome,Roma,Ville,Italie,Europe,41.89193,12.51133,Jean Rotrou,Les Deux Pucelles,Tragi-comédie,,,1639,30,http://www.theatre-classique.fr/pages/programmes/edition.php?t=../documents/ROTROU_DEUXPUCELLES.xml,,
ROTROU_DEUXPUCELLES,Paphe,Paphos,Ville,Grèce,Europe,34.757212,32.406593,Jean Rotrou,Les Deux Pucelles,Tragi-comédie,,,1639,30,http://www.theatre-classique.fr/pages/programmes/edition.php?t=../documents/ROTROU_DEUXPUCELLES.xml,,
ROTROU_DEUXPUCELLES,Espagne,Spain,Pays,Péninsule Ibérique,Europe,40,-4,Jean Rotrou,Les Deux Pucelles,Tragi-comédie,,,1639,30,http://www.theatre-classique.fr/pages/programmes/edition.php?t=../documents/ROTROU_DEUXPUCELLES.xml,,
ROTROU_DOMBERNARDDECABRERE,Aragon,Aragon,Région,Péninsule Ibérique,Europe,41.5,-0.66667,Jean Rotrou,Don Bernard de Cabrère,Tragi-comédie,1646,40,1647,40,http://dramacode.github.io/tcp5/rotrou_dombernarddecabrere.xml,,
ROTROU_DOMBERNARDDECABRERE,Saragosse,Zaragoza,Ville,Péninsule Ibérique,Europe,41.65606,-0.87734,Jean Rotrou,Don Bernard de Cabrère,Tragi-comédie,1646,40,1647,40,http://dramacode.github.io/tcp5/rotrou_dombernarddecabrere.xml,,
ROTROU_DOMBERNARDDECABRERE,Europe,Europa,Continent,,Europe,48.69096,9.14062,Jean Rotrou,Don Bernard de Cabrère,Tragi-comédie,1646,40,1647,40,http://dramacode.github.io/tcp5/rotrou_dombernarddecabrere.xml,,
ROTROU_DOMBERNARDDECABRERE,Ossone,Ossona,Ville,Italie,Europe,45.50708,8.89314,Jean Rotrou,Don Bernard de Cabrère,Tragi-comédie,1646,40,1647,40,http://dramacode.github.io/tcp5/rotrou_dombernarddecabrere.xml,,
ROTROU_DOMBERNARDDECABRERE,Moncade,Montcada i Reixac,Ville,Péninsule Ibérique,Europe,41.48333,2.18333,Jean Rotrou,Don Bernard de Cabrère,Tragi-comédie,1646,40,1647,40,http://dramacode.github.io/tcp5/rotrou_dombernarddecabrere.xml,,
ROTROU_DOMBERNARDDECABRERE,Ribagorce,Ribagorza,Région,Péninsule Ibérique,Europe,42.25,0.5,Jean Rotrou,Don Bernard de Cabrère,Tragi-comédie,1646,40,1647,40,http://dramacode.github.io/tcp5/rotrou_dombernarddecabrere.xml,,
ROTROU_DOMBERNARDDECABRERE,Sassaris,Sassari,Ville,Italie,Europe,40.72586,8.55552,Jean Rotrou,Don Bernard de Cabrère,Tragi-comédie,1646,40,1647,40,http://dramacode.github.io/tcp5/rotrou_dombernarddecabrere.xml,,
ROTROU_DOMBERNARDDECABRERE,Sora,Sora,Ville,Italie,Europe,41.71829,13.61356,Jean Rotrou,Don Bernard de Cabrère,Tragi-comédie,1646,40,1647,40,http://dramacode.github.io/tcp5/rotrou_dombernarddecabrere.xml,,
ROTROU_DOMBERNARDDECABRERE,Vas,Besalú,Ville,Péninsule Ibérique,Europe,42.20187,2.69748,Jean Rotrou,Don Bernard de Cabrère,Tragi-comédie,1646,40,1647,40,http://dramacode.github.io/tcp5/rotrou_dombernarddecabrere.xml,,
ROTROU_DOMBERNARDDECABRERE,Leon,León,Région,Péninsule Ibérique,Europe,42.66667,-6,Jean Rotrou,,Tragi-comédie,1646,40,1647,40,http://dramacode.github.io/tcp5/rotrou_dombernarddecabrere.xml,,
ROTROU_HERCULEMOURANT,Oetolie,Aetolia,Région,Grèce,Europe,38.5079025133,21.7425252978,Jean Rotrou,Hercule mourant,Tragédie,1634,30,1636,30,http://dramacode.github.io/tcp5/rotrou_herculemourant.xml,https://catalogue.bnf.fr/ark:/12148/cb312518904,https://gallica.bnf.fr/ark:/12148/bpt6k72394w
ROTROU_HERCULEMOURANT,Némée,Nemea,Ville,Grèce,Europe,37.808904,22.7108171,Jean Rotrou,Hercule mourant,Tragédie,1634,30,1636,30,http://dramacode.github.io/tcp5/rotrou_herculemourant.xml,https://catalogue.bnf.fr/ark:/12148/cb312518904,https://gallica.bnf.fr/ark:/12148/bpt6k72394w
ROTROU_HERCULEMOURANT,Afrique,Africa,Continent,,Afrique,32.5,7.5,Jean Rotrou,Hercule mourant,Tragédie,1634,30,1636,30,http://dramacode.github.io/tcp5/rotrou_herculemourant.xml,https://catalogue.bnf.fr/ark:/12148/cb312518904,https://gallica.bnf.fr/ark:/12148/bpt6k72394w
ROTROU_HERCULEMOURANT,AEgée,Aegae,Ville,Anatolie,Asie,36.769676,35.789487,Jean Rotrou,Hercule mourant,Tragédie,1634,30,1636,30,http://dramacode.github.io/tcp5/rotrou_herculemourant.xml,https://catalogue.bnf.fr/ark:/12148/cb312518904,https://gallica.bnf.fr/ark:/12148/bpt6k72394w
ROTROU_HERCULEMOURANT,Argos,Argos,Ville,Grèce,Europe,37.631561,22.719464,Jean Rotrou,Hercule mourant,Tragédie,1634,30,1636,30,http://dramacode.github.io/tcp5/rotrou_herculemourant.xml,https://catalogue.bnf.fr/ark:/12148/cb312518904,https://gallica.bnf.fr/ark:/12148/bpt6k72394w
ROTROU_HERCULEMOURANT,Thessalie,Thessalia/Thessaly,Région,Grèce,Europe,37.5,22.5,Jean Rotrou,Hercule mourant,Tragédie,1634,30,1636,30,http://dramacode.github.io/tcp5/rotrou_herculemourant.xml,https://catalogue.bnf.fr/ark:/12148/cb312518904,https://gallica.bnf.fr/ark:/12148/bpt6k72394w
ROTROU_HERCULEMOURANT,Pelion,Pelion,Montagne,Grèce,Europe,39.25,23.25,Jean Rotrou,Hercule mourant,Tragédie,1634,30,1636,30,http://dramacode.github.io/tcp5/rotrou_herculemourant.xml,https://catalogue.bnf.fr/ark:/12148/cb312518904,https://gallica.bnf.fr/ark:/12148/bpt6k72394w
ROTROU_HERCULEMOURANT,Olympe,Olympus,Montagne,Grèce,Europe,40.085556,22.358611,Jean Rotrou,Hercule mourant,Tragédie,1634,30,1636,30,http://dramacode.github.io/tcp5/rotrou_herculemourant.xml,https://catalogue.bnf.fr/ark:/12148/cb312518904,https://gallica.bnf.fr/ark:/12148/bpt6k72394w
ROTROU_HERCULEMOURANT,Osse,Ossa,Montagne,Grèce,Europe,39.7957751,22.6851958,Jean Rotrou,Hercule mourant,Tragédie,1634,30,1636,30,http://dramacode.github.io/tcp5/rotrou_herculemourant.xml,https://catalogue.bnf.fr/ark:/12148/cb312518904,https://gallica.bnf.fr/ark:/12148/bpt6k72394w
ROTROU_HERCULEMOURANT,Averne,Avernus,Lac,Italie,Europe,40.838333,14075,Jean Rotrou,Hercule mourant,Tragédie,1634,30,1636,30,http://dramacode.github.io/tcp5/rotrou_herculemourant.xml,https://catalogue.bnf.fr/ark:/12148/cb312518904,https://gallica.bnf.fr/ark:/12148/bpt6k72394w
ROTROU_HERCULEMOURANT,Lerne,Lerna,Ville,Grèce,Europe,37.5512409,22.7183258,Jean Rotrou,Hercule mourant,Tragédie,1634,30,1636,30,http://dramacode.github.io/tcp5/rotrou_herculemourant.xml,https://catalogue.bnf.fr/ark:/12148/cb312518904,https://gallica.bnf.fr/ark:/12148/bpt6k72394w
ROTROU_HERCULEMOURANT,Pénée,Pineios,Fleuve,Grèce,Europe,37.75,21.25,Jean Rotrou,Hercule mourant,Tragédie,1634,30,1636,30,http://dramacode.github.io/tcp5/rotrou_herculemourant.xml,https://catalogue.bnf.fr/ark:/12148/cb312518904,https://gallica.bnf.fr/ark:/12148/bpt6k72394w
MOLIERE_AMPHITRYON,Thèbes,Thebes,Ville,Grèce,Europe,38.319156,23.317577,Molière,Amphitryon,Comédie,1668,60,1668,60,http://dramacode.github.io/moliere/moliere_amphitryon.xml,https://catalogue.bnf.fr/ark:/12148/cb32457713b,
MOLIERE_AMPHITRYON,Thessalie,Thessalia/Thessaly,Région,Grèce,Europe,37.5,22.5,Molière,Amphitryon,Comédie,1668,60,1668,60,http://dramacode.github.io/moliere/moliere_amphitryon.xml,https://catalogue.bnf.fr/ark:/12148/cb32457713b,
MOLIERE_DOMGARCIEDENAVARRE,Castille,Castile,Région,Péninsule Ibérique,Europe,41,-3.5,Molière,Don Garcie de Navarre,Comédie,1661,60,1682,80,http://dramacode.github.io/moliere/moliere_domgarciedenavarre.xml,https://catalogue.bnf.fr/ark:/12148/cb373022911,
MOLIERE_DOMGARCIEDENAVARRE,Léon,León,Région,Péninsule Ibérique,Europe,42.66667,-6,Molière,Don Garcie de Navarre,Comédie,1661,60,1682,80,http://dramacode.github.io/moliere/moliere_domgarciedenavarre.xml,https://catalogue.bnf.fr/ark:/12148/cb373022911,
MOLIERE_DOMGARCIEDENAVARRE,Astorgue,Astorga,Ville,Péninsule Ibérique,Europe,42.45879,-6.05601,Molière,Don Garcie de Navarre,Comédie,1661,60,1682,80,http://dramacode.github.io/moliere/moliere_domgarciedenavarre.xml,https://catalogue.bnf.fr/ark:/12148/cb373022911,
MOLIERE_DOMGARCIEDENAVARRE,Burgos,Burgos,Ville,Péninsule Ibérique,Europe,42.34106,-3.70184,Molière,Don Garcie de Navarre,Comédie,1661,60,1682,80,http://dramacode.github.io/moliere/moliere_domgarciedenavarre.xml,https://catalogue.bnf.fr/ark:/12148/cb373022911,
MOLIERE_MISANTHROPE,Paris,Paris,Ville,France,Europe,48.85341,2.3488,Molière,Le Misanthrope,Comédie,1667,60,1667,60,http://dramacode.github.io/moliere/moliere_misanthrope.xml,catalogue.bnf.fr/ark:/12148/cb30958766r,http://gallica.bnf.fr/ark:/12148/btv1b8610797j
MOLIERE_MISANTHROPE,Louvre,Louvre,Lieu,France,Europe,48.86102,2.33587,Molière,Le Misanthrope,Comédie,1667,60,1667,60,http://dramacode.github.io/moliere/moliere_misanthrope.xml,catalogue.bnf.fr/ark:/12148/cb30958766r,http://gallica.bnf.fr/ark:/12148/btv1b8610797j
MOLIERE_TARTUFFE,Babylone,Babylon,Ville,Orient,Asie,32.5387834636,44.4236176449,Molière,"Tartuffe, ou l’Imposteur",Comédie,1664,60,1669,60,http://dramacode.github.io/moliere/moliere_tartuffe.xml,https://catalogue.bnf.fr/ark:/12148/cb30958943n,http://gallica.bnf.fr/ark:/12148/btv1b8610800k
MOLIERE_TARTUFFE,Normandie,Normandy,Région,France,Europe,49.19906,0.49988,Molière,"Tartuffe, ou l’Imposteur",Comédie,1664,60,1669,60,http://dramacode.github.io/moliere/moliere_tartuffe.xml,https://catalogue.bnf.fr/ark:/12148/cb30958943n,http://gallica.bnf.fr/ark:/12148/btv1b8610800k
SCARRON_DOMJAPHETDARMENIE,Madrid,Madrid,Ville,Péninsule Ibérique,Europe,40.4165,-3.70256,Paul Scarron,Don Japhet d’Arménie,Comédie,1647,50,1653,50,http://dramacode.github.io/tcp5/scarron_domjaphetdarmenie.xml,https://catalogue.bnf.fr/ark:/12148/cb313084409,https://gallica.bnf.fr/ark:/12148/bpt6k70326x
SCARRON_DOMJAPHETDARMENIE,Séville,Seville,Ville,Péninsule Ibérique,Europe,37.38283,-5.97317,Paul Scarron,Don Japhet d’Arménie,Comédie,1647,50,1653,50,http://dramacode.github.io/tcp5/scarron_domjaphetdarmenie.xml,https://catalogue.bnf.fr/ark:/12148/cb313084409,https://gallica.bnf.fr/ark:/12148/bpt6k70326x
SCARRON_DOMJAPHETDARMENIE,Arménie,Armenia,Pays,Arménie,Asie,40,45,Paul Scarron,Don Japhet d’Arménie,Comédie,1647,50,1653,50,http://dramacode.github.io/tcp5/scarron_domjaphetdarmenie.xml,https://catalogue.bnf.fr/ark:/12148/cb313084409,https://gallica.bnf.fr/ark:/12148/bpt6k70326x
SCARRON_DOMJAPHETDARMENIE,Espagne,Spain,Pays,Péninsule Ibérique,Europe,40,-4,Paul Scarron,Don Japhet d’Arménie,Comédie,1647,50,1653,50,http://dramacode.github.io/tcp5/scarron_domjaphetdarmenie.xml,https://catalogue.bnf.fr/ark:/12148/cb313084409,https://gallica.bnf.fr/ark:/12148/bpt6k70326x
SCARRON_DOMJAPHETDARMENIE,Almodobar,Almodóvar del Campo,Ville,Péninsule Ibérique,Europe,38.70936,-4.17908,Paul Scarron,Don Japhet d’Arménie,Comédie,1647,50,1653,50,http://dramacode.github.io/tcp5/scarron_domjaphetdarmenie.xml,https://catalogue.bnf.fr/ark:/12148/cb313084409,https://gallica.bnf.fr/ark:/12148/bpt6k70326x
SCARRON_DOMJAPHETDARMENIE,Pérou,Peru,Pays,Amérique,Amérique,-10,-75.25,Paul Scarron,Don Japhet d’Arménie,Comédie,1647,50,1653,50,http://dramacode.github.io/tcp5/scarron_domjaphetdarmenie.xml,https://catalogue.bnf.fr/ark:/12148/cb313084409,https://gallica.bnf.fr/ark:/12148/bpt6k70326x
SCARRON_DOMJAPHETDARMENIE,Calabre,Calabria,Région,Italie,Europe,39,16.5,Paul Scarron,Don Japhet d’Arménie,Comédie,1647,50,1653,50,http://dramacode.github.io/tcp5/scarron_domjaphetdarmenie.xml,https://catalogue.bnf.fr/ark:/12148/cb313084409,https://gallica.bnf.fr/ark:/12148/bpt6k70326x
SCARRON_DOMJAPHETDARMENIE,Portugal,Portugal,Pays,Péninsule Ibérique,Europe,39.6945,-8.13057,Paul Scarron,Don Japhet d’Arménie,Comédie,1647,50,1653,50,http://dramacode.github.io/tcp5/scarron_domjaphetdarmenie.xml,https://catalogue.bnf.fr/ark:/12148/cb313084409,https://gallica.bnf.fr/ark:/12148/bpt6k70326x
SCARRON_DOMJAPHETDARMENIE,Galice,Galicia,Région,Péninsule Ibérique,Europe,42.75508,-7.86621,Paul Scarron,Don Japhet d’Arménie,Comédie,1647,50,1653,50,http://dramacode.github.io/tcp5/scarron_domjaphetdarmenie.xml,https://catalogue.bnf.fr/ark:/12148/cb313084409,https://gallica.bnf.fr/ark:/12148/bpt6k70326x
SCARRON_DOMJAPHETDARMENIE,Rome,Roma,Ville,Italie,Europe,41.89193,12.51133,Paul Scarron,Don Japhet d’Arménie,Comédie,1647,50,1653,50,http://dramacode.github.io/tcp5/scarron_domjaphetdarmenie.xml,https://catalogue.bnf.fr/ark:/12148/cb313084409,https://gallica.bnf.fr/ark:/12148/bpt6k70326x
SCARRON_DOMJAPHETDARMENIE,Tolède,Toledo,Ville,Péninsule Ibérique,Europe,39.8581,-4.02263,Paul Scarron,Don Japhet d’Arménie,Comédie,1647,50,1653,50,http://dramacode.github.io/tcp5/scarron_domjaphetdarmenie.xml,https://catalogue.bnf.fr/ark:/12148/cb313084409,https://gallica.bnf.fr/ark:/12148/bpt6k70326x
SCARRON_DOMJAPHETDARMENIE,Angleterre,England,Pays,Grande-Bretagne,Europe,52.16045,-0.70312,Paul Scarron,Don Japhet d’Arménie,Comédie,1647,50,1653,50,http://dramacode.github.io/tcp5/scarron_domjaphetdarmenie.xml,https://catalogue.bnf.fr/ark:/12148/cb313084409,https://gallica.bnf.fr/ark:/12148/bpt6k70326x
SCARRON_DOMJAPHETDARMENIE,Japon,Japan,Pays,Extrême-Orient,Asie,35.68536,139.75309,Paul Scarron,Don Japhet d’Arménie,Comédie,1647,50,1653,50,http://dramacode.github.io/tcp5/scarron_domjaphetdarmenie.xml,https://catalogue.bnf.fr/ark:/12148/cb313084409,https://gallica.bnf.fr/ark:/12148/bpt6k70326x
SCARRON_DOMJAPHETDARMENIE,Ithaque,Ithaca,Île,Grèce,Europe,38.44193,20.638399,Paul Scarron,Don Japhet d’Arménie,Comédie,1647,50,1653,50,http://dramacode.github.io/tcp5/scarron_domjaphetdarmenie.xml,https://catalogue.bnf.fr/ark:/12148/cb313084409,https://gallica.bnf.fr/ark:/12148/bpt6k70326x
SCARRON_DOMJAPHETDARMENIE,Castille,Castile,Région,Péninsule Ibérique,Europe,41,-3.5,Paul Scarron,Don Japhet d’Arménie,Comédie,1647,50,1653,50,http://dramacode.github.io/tcp5/scarron_domjaphetdarmenie.xml,https://catalogue.bnf.fr/ark:/12148/cb313084409,https://gallica.bnf.fr/ark:/12148/bpt6k70326x
SCARRON_DOMJAPHETDARMENIE,Orillane,Amazon River,Fleuve,Amérique,Amérique,-0.16667,-49,Paul Scarron,Don Japhet d’Arménie,Comédie,1647,50,1653,50,http://dramacode.github.io/tcp5/scarron_domjaphetdarmenie.xml,https://catalogue.bnf.fr/ark:/12148/cb313084409,https://gallica.bnf.fr/ark:/12148/bpt6k70326x
SCARRON_DOMJAPHETDARMENIE,Guyane,Guianas,Pays,Amérique,Amérique,4,-56,Paul Scarron,Don Japhet d’Arménie,Comédie,1647,50,1653,50,http://dramacode.github.io/tcp5/scarron_domjaphetdarmenie.xml,https://catalogue.bnf.fr/ark:/12148/cb313084409,https://gallica.bnf.fr/ark:/12148/bpt6k70326x
SCARRON_DOMJAPHETDARMENIE,Orgas,Orgaz,Ville,Péninsule Ibérique,Europe,39.64826,-3.87577,Paul Scarron,Don Japhet d’Arménie,Comédie,1647,50,1653,50,http://dramacode.github.io/tcp5/scarron_domjaphetdarmenie.xml,https://catalogue.bnf.fr/ark:/12148/cb313084409,https://gallica.bnf.fr/ark:/12148/bpt6k70326x
SCARRON_DOMJAPHETDARMENIE,Allobroge,Allobroges,Pays,France,Europe,45.69480975,6.259111,Paul Scarron,Don Japhet d’Arménie,Comédie,1647,50,1653,50,http://dramacode.github.io/tcp5/scarron_domjaphetdarmenie.xml,https://catalogue.bnf.fr/ark:/12148/cb313084409,https://gallica.bnf.fr/ark:/12148/bpt6k70326x
SCARRON_DOMJAPHETDARMENIE,Annecy,Annecy,Ville,France,Europe,45.90621,6.1267,Paul Scarron,Don Japhet d’Arménie,Comédie,1647,50,1653,50,http://dramacode.github.io/tcp5/scarron_domjaphetdarmenie.xml,https://catalogue.bnf.fr/ark:/12148/cb313084409,https://gallica.bnf.fr/ark:/12148/bpt6k70326x
SCARRON_DOMJAPHETDARMENIE,Consuegre,Consuegra,Ville,Péninsule Ibérique,Europe,39.46246,-3608,Paul Scarron,Don Japhet d’Arménie,Comédie,1647,50,1653,50,http://dramacode.github.io/tcp5/scarron_domjaphetdarmenie.xml,https://catalogue.bnf.fr/ark:/12148/cb313084409,https://gallica.bnf.fr/ark:/12148/bpt6k70326x
SCARRON_ECOLIERDESALAMANQUE,Tolède,Toledo,Ville,Péninsule Ibérique,Europe,39.8581,-4.02263,Paul Scarron,L’Escolier de Salamanque,Tragi-comédie,1654,50,1655,50,http://dramacode.github.io/tcp5/scarron_ecolierdesalamanque.xml,https://catalogue.bnf.fr/ark:/12148/cb313084529,https://gallica.bnf.fr/ark:/12148/bpt6k841852
SCARRON_ECOLIERDESALAMANQUE,Madrid,Madrid,Ville,Péninsule Ibérique,Europe,40.4165,-3.70256,Paul Scarron,L’Escolier de Salamanque,Tragi-comédie,1654,50,1655,50,http://dramacode.github.io/tcp5/scarron_ecolierdesalamanque.xml,https://catalogue.bnf.fr/ark:/12148/cb313084529,https://gallica.bnf.fr/ark:/12148/bpt6k841852
SCARRON_ECOLIERDESALAMANQUE,Salamanque,Salamanca,Ville,Péninsule Ibérique,Europe,40.96882,-5.66388,Paul Scarron,L’Escolier de Salamanque,Tragi-comédie,1654,50,1655,50,http://dramacode.github.io/tcp5/scarron_ecolierdesalamanque.xml,https://catalogue.bnf.fr/ark:/12148/cb313084529,https://gallica.bnf.fr/ark:/12148/bpt6k841852
SCARRON_ECOLIERDESALAMANQUE,Rome,Roma,Ville,Italie,Europe,41.89193,12.51133,Paul Scarron,L’Escolier de Salamanque,Tragi-comédie,1654,50,1655,50,http://dramacode.github.io/tcp5/scarron_ecolierdesalamanque.xml,https://catalogue.bnf.fr/ark:/12148/cb313084529,https://gallica.bnf.fr/ark:/12148/bpt6k841852
SCARRON_ECOLIERDESALAMANQUE,Espagne,Spain,Pays,Péninsule Ibérique,Europe,40,-4,Paul Scarron,L’Escolier de Salamanque,Tragi-comédie,1654,50,1655,50,http://dramacode.github.io/tcp5/scarron_ecolierdesalamanque.xml,https://catalogue.bnf.fr/ark:/12148/cb313084529,https://gallica.bnf.fr/ark:/12148/bpt6k841852
SCARRON_ECOLIERDESALAMANQUE,France,France,Pays,France,Europe,46,2,Paul Scarron,L’Escolier de Salamanque,Tragi-comédie,1654,50,1655,50,http://dramacode.github.io/tcp5/scarron_ecolierdesalamanque.xml,https://catalogue.bnf.fr/ark:/12148/cb313084529,https://gallica.bnf.fr/ark:/12148/bpt6k841852
SCARRON_ECOLIERDESALAMANQUE,Burgos,Burgos,Ville,Péninsule Ibérique,Europe,42.34106,-3.70184,Paul Scarron,L’Escolier de Salamanque,Tragi-comédie,1654,50,1655,50,http://dramacode.github.io/tcp5/scarron_ecolierdesalamanque.xml,https://catalogue.bnf.fr/ark:/12148/cb313084529,https://gallica.bnf.fr/ark:/12148/bpt6k841852
SCARRON_ECOLIERDESALAMANQUE,Conciergerie,Conciergerie,Lieu,France,Europe,48.85588,2.34685,Paul Scarron,L’Escolier de Salamanque,Tragi-comédie,1654,50,1655,50,http://dramacode.github.io/tcp5/scarron_ecolierdesalamanque.xml,https://catalogue.bnf.fr/ark:/12148/cb313084529,https://gallica.bnf.fr/ark:/12148/bpt6k841852
SCARRON_FAUSSEAPPARENCE,Madrid,Madrid,Ville,Péninsule Ibérique,Europe,40.4165,-3.70256,Paul Scarron,La Fausse apparence,Tragi-comédie,1657,50,1663,60,http://dramacode.github.io/tcp5/scarron_fausseapparence.xml,https://catalogue.bnf.fr/ark:/12148/cb30186316v,https://gallica.bnf.fr/ark:/12148/bpt6k73882h
SCARRON_FAUSSEAPPARENCE,Valence,Valencia,Ville,Péninsule Ibérique,Europe,39.46975,-0.37739,Paul Scarron,La Fausse apparence,Tragi-comédie,1657,50,1663,60,http://dramacode.github.io/tcp5/scarron_fausseapparence.xml,https://catalogue.bnf.fr/ark:/12148/cb30186316v,https://gallica.bnf.fr/ark:/12148/bpt6k73882h
SCARRON_FAUSSEAPPARENCE,Espagne,Spain,Pays,Péninsule Ibérique,Europe,40,-4,Paul Scarron,La Fausse apparence,Tragi-comédie,1657,50,1663,60,http://dramacode.github.io/tcp5/scarron_fausseapparence.xml,https://catalogue.bnf.fr/ark:/12148/cb30186316v,https://gallica.bnf.fr/ark:/12148/bpt6k73882h
SCARRON_FAUSSEAPPARENCE,Andalousie,Andalusia,Région,Péninsule Ibérique,Europe,37.6,-4.5,Paul Scarron,La Fausse apparence,Tragi-comédie,1657,50,1663,60,http://dramacode.github.io/tcp5/scarron_fausseapparence.xml,https://catalogue.bnf.fr/ark:/12148/cb30186316v,https://gallica.bnf.fr/ark:/12148/bpt6k73882h
SCARRON_FAUSSEAPPARENCE,Castille,Castile,Région,Péninsule Ibérique,Europe,41,-3.5,Paul Scarron,La Fausse apparence,Tragi-comédie,1657,50,1663,60,http://dramacode.github.io/tcp5/scarron_fausseapparence.xml,https://catalogue.bnf.fr/ark:/12148/cb30186316v,https://gallica.bnf.fr/ark:/12148/bpt6k73882h
SCARRON_FAUSSEAPPARENCE,Barcelone,Barcelona,Ville,Péninsule Ibérique,Europe,41.38879,2.15899,Paul Scarron,La Fausse apparence,Tragi-comédie,1657,50,1663,60,http://dramacode.github.io/tcp5/scarron_fausseapparence.xml,https://catalogue.bnf.fr/ark:/12148/cb30186316v,https://gallica.bnf.fr/ark:/12148/bpt6k73882h
SCARRON_FAUSSEAPPARENCE,Lara,Jurisdicción de Lara,Région,Péninsule Ibérique,Europe,42.13896,-3.46111,Paul Scarron,La Fausse apparence,Tragi-comédie,1657,50,1663,60,http://dramacode.github.io/tcp5/scarron_fausseapparence.xml,https://catalogue.bnf.fr/ark:/12148/cb30186316v,https://gallica.bnf.fr/ark:/12148/bpt6k73882h
SCARRON_FAUSSEAPPARENCE,Alve,Alba de Tormes,Ville,Péninsule Ibérique,Europe,40.82922,-5.5085,Paul Scarron,La Fausse apparence,Tragi-comédie,1657,50,1663,60,http://dramacode.github.io/tcp5/scarron_fausseapparence.xml,https://catalogue.bnf.fr/ark:/12148/cb30186316v,https://gallica.bnf.fr/ark:/12148/bpt6k73882h
SCARRON_GARDIENDESOIMEME,Naples,Naples,Ville,Italie,Europe,40.85216,14.26811,Paul Scarron,Le Gardien de soi-même,Comédie,,,1655,50,http://dramacode.github.io/tcp5/scarron_gardiendesoimeme.xml,https://catalogue.bnf.fr/ark:/12148/cb30186157w,
SCARRON_GARDIENDESOIMEME,Sicile,Sicily,Région,Italie,Europe,37.75,14.25,Paul Scarron,Le Gardien de soi-même,Comédie,,,1655,50,http://dramacode.github.io/tcp5/scarron_gardiendesoimeme.xml,https://catalogue.bnf.fr/ark:/12148/cb30186157w,
SCARRON_GARDIENDESOIMEME,Espagne,Spain,Pays,Péninsule Ibérique,Europe,40,-4,Paul Scarron,Le Gardien de soi-même,Comédie,,,1655,50,http://dramacode.github.io/tcp5/scarron_gardiendesoimeme.xml,https://catalogue.bnf.fr/ark:/12148/cb30186157w,
SCARRON_GARDIENDESOIMEME,Louvre,Louvre,Lieu,France,Europe,48.86102,2.33587,Paul Scarron,Le Gardien de soi-même,Comédie,,,1655,50,http://dramacode.github.io/tcp5/scarron_gardiendesoimeme.xml,https://catalogue.bnf.fr/ark:/12148/cb30186157w,
SCARRON_GARDIENDESOIMEME,Naple,Naples,Ville,Italie,Europe,40.85216,14.26811,Paul Scarron,Le Gardien de soi-même,Comédie,,,1655,50,http://dramacode.github.io/tcp5/scarron_gardiendesoimeme.xml,https://catalogue.bnf.fr/ark:/12148/cb30186157w,
SCARRON_GARDIENDESOIMEME,Afrique,Africa,Continent,,Afrique,32.5,7.5,Paul Scarron,Le Gardien de soi-même,Comédie,,,1655,50,http://dramacode.github.io/tcp5/scarron_gardiendesoimeme.xml,https://catalogue.bnf.fr/ark:/12148/cb30186157w,
SCARRON_GARDIENDESOIMEME,Tunis,Tunis,Ville,Afrique,Afrique,36.81897,10.16579,Paul Scarron,Le Gardien de soi-même,Comédie,,,1655,50,http://dramacode.github.io/tcp5/scarron_gardiendesoimeme.xml,https://catalogue.bnf.fr/ark:/12148/cb30186157w,
SCARRON_GARDIENDESOIMEME,Alger,Algiers,Ville,Afrique,Afrique,36.73225,3.08746,Paul Scarron,Le Gardien de soi-même,Comédie,,,1655,50,http://dramacode.github.io/tcp5/scarron_gardiendesoimeme.xml,https://catalogue.bnf.fr/ark:/12148/cb30186157w,
SCARRON_GARDIENDESOIMEME,Gaïette,Gaeta,Ville,Italie,Europe,41.21408,13.57082,Paul Scarron,Le Gardien de soi-même,Comédie,,,1655,50,http://dramacode.github.io/tcp5/scarron_gardiendesoimeme.xml,https://catalogue.bnf.fr/ark:/12148/cb30186157w,
CORNEILLEP_ANDROMEDE,France,France,Pays,France,Europe,46,2,Pierre Corneille,Andromède,Tragédie,1650,50,1651,50,http://dramacode.github.io/tcp5/corneillep_andromede.xml,https://catalogue.bnf.fr/ark:/12148/cb30271433g,https://gallica.bnf.fr/ark:/12148/bpt6k70397f
CORNEILLEP_ANDROMEDE,Italie,Italy,Pays,Italie,Europe,42.83333,12.83333,Pierre Corneille,Andromède,Tragédie,1650,50,1651,50,http://dramacode.github.io/tcp5/corneillep_andromede.xml,https://catalogue.bnf.fr/ark:/12148/cb30271433g,https://gallica.bnf.fr/ark:/12148/bpt6k70397f
CORNEILLEP_ANDROMEDE,Éryce,Erice,Ville,Italie,Europe,38.03704,12.58653,Pierre Corneille,Andromède,Tragédie,1650,50,1651,50,http://dramacode.github.io/tcp5/corneillep_andromede.xml,https://catalogue.bnf.fr/ark:/12148/cb30271433g,https://gallica.bnf.fr/ark:/12148/bpt6k70397f
CORNEILLEP_ANDROMEDE,Paphe,Paphos,Ville,Grèce,Europe,34.757212,32.406593,Pierre Corneille,Andromède,Tragédie,1650,50,1651,50,http://dramacode.github.io/tcp5/corneillep_andromede.xml,https://catalogue.bnf.fr/ark:/12148/cb30271433g,https://gallica.bnf.fr/ark:/12148/bpt6k70397f
CORNEILLEP_ANDROMEDE,Amathonte,Amathus,Ville,Grèce,Europe,34.71292,33.1429,Pierre Corneille,Andromède,Tragédie,1650,50,1651,50,http://dramacode.github.io/tcp5/corneillep_andromede.xml,https://catalogue.bnf.fr/ark:/12148/cb30271433g,https://gallica.bnf.fr/ark:/12148/bpt6k70397f
CORNEILLEP_ANDROMEDE,Cythère,Cythera,Île,Grèce,Europe,36.2400122314,22.9829428015,Pierre Corneille,Andromède,Tragédie,1650,50,1651,50,http://dramacode.github.io/tcp5/corneillep_andromede.xml,https://catalogue.bnf.fr/ark:/12148/cb30271433g,https://gallica.bnf.fr/ark:/12148/bpt6k70397f
CORNEILLEP_CID,Castille,Castile,Région,Péninsule Ibérique,Europe,41,-3.5,Pierre Corneille,Le Cid,Tragi-comédie,1637,30,1637,30,http://dramacode.github.io/tcp5/corneillep_cid.xml,https://catalogue.bnf.fr/ark:/12148/cb30271451d,https://gallica.bnf.fr/ark:/12148/bpt6k70138c
CORNEILLEP_CID,Grenade,Granada,Ville,Péninsule Ibérique,Europe,12.11667,-61.66667,Pierre Corneille,Le Cid,Tragi-comédie,1637,30,1637,30,http://dramacode.github.io/tcp5/corneillep_cid.xml,https://catalogue.bnf.fr/ark:/12148/cb30271451d,https://gallica.bnf.fr/ark:/12148/bpt6k70138c
CORNEILLEP_CID,Aragon,Aragon,Région,Péninsule Ibérique,Europe,41.5,-0.66667,Pierre Corneille,Le Cid,Tragi-comédie,1637,30,1637,30,http://dramacode.github.io/tcp5/corneillep_cid.xml,https://catalogue.bnf.fr/ark:/12148/cb30271451d,https://gallica.bnf.fr/ark:/12148/bpt6k70138c
CORNEILLEP_CID,Espagne,Spain,Pays,Péninsule Ibérique,Europe,40,-4,Pierre Corneille,Le Cid,Tragi-comédie,1637,30,1637,30,http://dramacode.github.io/tcp5/corneillep_cid.xml,https://catalogue.bnf.fr/ark:/12148/cb30271451d,https://gallica.bnf.fr/ark:/12148/bpt6k70138c
CORNEILLEP_CID,Portugal,Portugal,Pays,Péninsule Ibérique,Europe,39.6945,-8.13057,Pierre Corneille,Le Cid,Tragi-comédie,1637,30,1637,30,http://dramacode.github.io/tcp5/corneillep_cid.xml,https://catalogue.bnf.fr/ark:/12148/cb30271451d,https://gallica.bnf.fr/ark:/12148/bpt6k70138c
CORNEILLEP_CID,Andalousie,Andalusia,Région,Péninsule Ibérique,Europe,37.6,-4.5,Pierre Corneille,Le Cid,Tragi-comédie,1637,30,1637,30,http://dramacode.github.io/tcp5/corneillep_cid.xml,https://catalogue.bnf.fr/ark:/12148/cb30271451d,https://gallica.bnf.fr/ark:/12148/bpt6k70138c
CORNEILLEP_CID,Séville,Seville,Ville,Péninsule Ibérique,Europe,37.38283,-5.97317,Pierre Corneille,Le Cid,Tragi-comédie,1637,30,1637,30,http://dramacode.github.io/tcp5/corneillep_cid.xml,https://catalogue.bnf.fr/ark:/12148/cb30271451d,https://gallica.bnf.fr/ark:/12148/bpt6k70138c
CORNEILLEP_CID,Tolède,Toledo,Ville,Péninsule Ibérique,Europe,39.8581,-4.02263,Pierre Corneille,Le Cid,Tragi-comédie,1637,30,1637,30,http://dramacode.github.io/tcp5/corneillep_cid.xml,https://catalogue.bnf.fr/ark:/12148/cb30271451d,https://gallica.bnf.fr/ark:/12148/bpt6k70138c
CORNEILLEP_ILLUSIONCOMIQUE,Pô,Po,Fleuve,Italie,Europe,44.97472,12.05444,Pierre Corneille,Illusion comique,Comédie,1636,30,1639,,http://dramacode.github.io/tcp5/corneillep_illusioncomique.xml,https://catalogue.bnf.fr/ark:/12148/cb30271704q,https://gallica.bnf.fr/ark:/12148/bpt6k70407x
CORNEILLEP_ILLUSIONCOMIQUE,Rhin,Rhine,Fleuve,Allemagne,Europe,51.97198,5.91545,Pierre Corneille,Illusion comique,Comédie,1636,30,1639,,http://dramacode.github.io/tcp5/corneillep_illusioncomique.xml,https://catalogue.bnf.fr/ark:/12148/cb30271704q,https://gallica.bnf.fr/ark:/12148/bpt6k70407x
CORNEILLEP_ILLUSIONCOMIQUE,Meuse,Meuse,Fleuve,France,Europe,51.71278,4.8345,Pierre Corneille,Illusion comique,Comédie,1636,30,1639,,http://dramacode.github.io/tcp5/corneillep_illusioncomique.xml,https://catalogue.bnf.fr/ark:/12148/cb30271704q,https://gallica.bnf.fr/ark:/12148/bpt6k70407x
CORNEILLEP_ILLUSIONCOMIQUE,Seine,Seine,Fleuve,France,Europe,49.44469,0.38177,Pierre Corneille,Illusion comique,Comédie,1636,30,1639,,http://dramacode.github.io/tcp5/corneillep_illusioncomique.xml,https://catalogue.bnf.fr/ark:/12148/cb30271704q,https://gallica.bnf.fr/ark:/12148/bpt6k70407x
CORNEILLEP_ILLUSIONCOMIQUE,Tage,Tagus,Fleuve,Péninsule Ibérique,Europe,38.6764,-9.27933,Pierre Corneille,Illusion comique,Comédie,1636,30,1639,,http://dramacode.github.io/tcp5/corneillep_illusioncomique.xml,https://catalogue.bnf.fr/ark:/12148/cb30271704q,https://gallica.bnf.fr/ark:/12148/bpt6k70407x
CORNEILLEP_ILLUSIONCOMIQUE,Bretagne,Brittany,Région,France,Europe,48.16667,-2.83333,Pierre Corneille,Illusion comique,Comédie,1636,30,1639,,http://dramacode.github.io/tcp5/corneillep_illusioncomique.xml,https://catalogue.bnf.fr/ark:/12148/cb30271704q,https://gallica.bnf.fr/ark:/12148/bpt6k70407x
CORNEILLEP_ILLUSIONCOMIQUE,Paris,Paris,Ville,France,Europe,48.85341,2.3488,Pierre Corneille,Illusion comique,Comédie,1636,30,1639,,http://dramacode.github.io/tcp5/corneillep_illusioncomique.xml,https://catalogue.bnf.fr/ark:/12148/cb30271704q,https://gallica.bnf.fr/ark:/12148/bpt6k70407x
CORNEILLEP_ILLUSIONCOMIQUE,Tormes,Tormes,Fleuve,Péninsule Ibérique,Europe,41.29245,-6.47995,Pierre Corneille,Illusion comique,Comédie,1636,30,1639,,http://dramacode.github.io/tcp5/corneillep_illusioncomique.xml,https://catalogue.bnf.fr/ark:/12148/cb30271704q,https://gallica.bnf.fr/ark:/12148/bpt6k70407x
CORNEILLEP_ILLUSIONCOMIQUE,Bordeaux,Bordeaux,Ville,France,Europe,44.84044,-0.5805,Pierre Corneille,Illusion comique,Comédie,1636,30,1639,,http://dramacode.github.io/tcp5/corneillep_illusioncomique.xml,https://catalogue.bnf.fr/ark:/12148/cb30271704q,https://gallica.bnf.fr/ark:/12148/bpt6k70407x
CORNEILLEP_ILLUSIONCOMIQUE,Perse,Persia,Pays,Orient,Asie,32,53,Pierre Corneille,Illusion comique,Comédie,1636,30,1639,,http://dramacode.github.io/tcp5/corneillep_illusioncomique.xml,https://catalogue.bnf.fr/ark:/12148/cb30271704q,https://gallica.bnf.fr/ark:/12148/bpt6k70407x
CORNEILLEP_ILLUSIONCOMIQUE,Éthiopie,Ethiopia,Pays,Afrique,Afrique,9,39.5,Pierre Corneille,Illusion comique,Comédie,1636,30,1639,,http://dramacode.github.io/tcp5/corneillep_illusioncomique.xml,https://catalogue.bnf.fr/ark:/12148/cb30271704q,https://gallica.bnf.fr/ark:/12148/bpt6k70407x
CORNEILLEP_ILLUSIONCOMIQUE,Japon,Japan,Pays,Extrême-Orient,Asie,35.68536,139.75309,Pierre Corneille,Illusion comique,Comédie,1636,30,1639,,http://dramacode.github.io/tcp5/corneillep_illusioncomique.xml,https://catalogue.bnf.fr/ark:/12148/cb30271704q,https://gallica.bnf.fr/ark:/12148/bpt6k70407x
CORNEILLEP_ILLUSIONCOMIQUE,Mexique,Mexico,Pays,Amérique,Amérique,23,-102,Pierre Corneille,Illusion comique,Comédie,1636,30,1639,,http://dramacode.github.io/tcp5/corneillep_illusioncomique.xml,https://catalogue.bnf.fr/ark:/12148/cb30271704q,https://gallica.bnf.fr/ark:/12148/bpt6k70407x
CORNEILLEP_ILLUSIONCOMIQUE,Transylvanie,Transylvania,Région,Transylvanie,Europe,46.5,25,Pierre Corneille,Illusion comique,Comédie,1636,30,1639,,http://dramacode.github.io/tcp5/corneillep_illusioncomique.xml,https://catalogue.bnf.fr/ark:/12148/cb30271704q,https://gallica.bnf.fr/ark:/12148/bpt6k70407x
CORNEILLEP_ILLUSIONCOMIQUE,Europe,Europa,Continent,,Europe,48.69096,9.14062,Pierre Corneille,Illusion comique,Comédie,1636,30,1639,,http://dramacode.github.io/tcp5/corneillep_illusioncomique.xml,https://catalogue.bnf.fr/ark:/12148/cb30271704q,https://gallica.bnf.fr/ark:/12148/bpt6k70407x
CORNEILLEP_ILLUSIONCOMIQUE,Chine,China,Pays,Extrême-Orient,Asie,35,105,Pierre Corneille,Illusion comique,Comédie,1636,30,1639,,http://dramacode.github.io/tcp5/corneillep_illusioncomique.xml,https://catalogue.bnf.fr/ark:/12148/cb30271704q,https://gallica.bnf.fr/ark:/12148/bpt6k70407x
CORNEILLEP_ILLUSIONCOMIQUE,Égypte,Egypt,Pays,Afrique,Afrique,27,30,Pierre Corneille,Illusion comique,Comédie,1636,30,1639,,http://dramacode.github.io/tcp5/corneillep_illusioncomique.xml,https://catalogue.bnf.fr/ark:/12148/cb30271704q,https://gallica.bnf.fr/ark:/12148/bpt6k70407x
CORNEILLEP_ILLUSIONCOMIQUE,Caire,Cairo,Ville,Afrique,Afrique,30.06263,31.24967,Pierre Corneille,Illusion comique,Comédie,1636,30,1639,,http://dramacode.github.io/tcp5/corneillep_illusioncomique.xml,https://catalogue.bnf.fr/ark:/12148/cb30271704q,https://gallica.bnf.fr/ark:/12148/bpt6k70407x
CORNEILLEP_ILLUSIONCOMIQUE,Islande,Iceland,Pays,Islande,Europe,65,-18,Pierre Corneille,Illusion comique,Comédie,1636,30,1639,,http://dramacode.github.io/tcp5/corneillep_illusioncomique.xml,https://catalogue.bnf.fr/ark:/12148/cb30271704q,https://gallica.bnf.fr/ark:/12148/bpt6k70407x
CORNEILLEP_ILLUSIONCOMIQUE,Parnasse,Mount Parnassus,Montagne,Grèce,Europe,38.535435,22.621902,Pierre Corneille,Illusion comique,Comédie,1636,30,1639,,http://dramacode.github.io/tcp5/corneillep_illusioncomique.xml,https://catalogue.bnf.fr/ark:/12148/cb30271704q,https://gallica.bnf.fr/ark:/12148/bpt6k70407x
CORNEILLEP_MEDEE,Corinthe,Corinth,Ville,Grèce,Europe,37.8980016198,22.8999795422,Pierre Corneille,Médée,Tragédie,1635,30,1639,30,http://dramacode.github.io/tcp5/corneillep_medee.xml,https://catalogue.bnf.fr/ark:/12148/cb30271709f,https://gallica.bnf.fr/ark:/12148/bpt6k71339h
CORNEILLEP_MEDEE,Lemnos,Lemnos,Île,Grèce,Europe,39.916667,25.25,Pierre Corneille,Médée,Tragédie,1635,30,1639,30,http://dramacode.github.io/tcp5/corneillep_medee.xml,https://catalogue.bnf.fr/ark:/12148/cb30271709f,https://gallica.bnf.fr/ark:/12148/bpt6k71339h
CORNEILLEP_MEDEE,Phase,Rioni,Fleuve,Grèce,Europe,42.1237505,42.2161531,Pierre Corneille,Médée,Tragédie,1635,30,1639,30,http://dramacode.github.io/tcp5/corneillep_medee.xml,https://catalogue.bnf.fr/ark:/12148/cb30271709f,https://gallica.bnf.fr/ark:/12148/bpt6k71339h
CORNEILLEP_MEDEE,Thessalie,Thessalia/Thessaly,Région,Grèce,Europe,37.5,22.5,Pierre Corneille,Médée,Tragédie,1635,30,1639,30,http://dramacode.github.io/tcp5/corneillep_medee.xml,https://catalogue.bnf.fr/ark:/12148/cb30271709f,https://gallica.bnf.fr/ark:/12148/bpt6k71339h
CORNEILLEP_MEDEE,Asie,Asia,Continent,,Asie,29.84064,89.29688,Pierre Corneille,Médée,Tragédie,1635,30,1639,30,http://dramacode.github.io/tcp5/corneillep_medee.xml,https://catalogue.bnf.fr/ark:/12148/cb30271709f,https://gallica.bnf.fr/ark:/12148/bpt6k71339h
CORNEILLEP_MEDEE,Athènes,Athens,Ville,Grèce,Europe,37.9728191495,23.7237438519,Pierre Corneille,Médée,Tragédie,1635,30,1639,30,http://dramacode.github.io/tcp5/corneillep_medee.xml,https://catalogue.bnf.fr/ark:/12148/cb30271709f,https://gallica.bnf.fr/ark:/12148/bpt6k71339h
CORNEILLEP_MEDEE,Achéron,Acheron,Fleuve,Grèce,Europe,39.2348296,20.4831346,Pierre Corneille,Médée,Tragédie,1635,30,1639,30,http://dramacode.github.io/tcp5/corneillep_medee.xml,https://catalogue.bnf.fr/ark:/12148/cb30271709f,https://gallica.bnf.fr/ark:/12148/bpt6k71339h
CORNEILLEP_MEDEE,Grèce,Greece,Pays,Grèce,Europe,39,22,Pierre Corneille,Médée,Tragédie,1635,30,1639,30,http://dramacode.github.io/tcp5/corneillep_medee.xml,https://catalogue.bnf.fr/ark:/12148/cb30271709f,https://gallica.bnf.fr/ark:/12148/bpt6k71339h
CORNEILLEP_MEDEE,Scythie,Scythie,Région,Orient,Asie,42.5,27.5,Pierre Corneille,Médée,Tragédie,1635,30,1639,30,http://dramacode.github.io/tcp5/corneillep_medee.xml,https://catalogue.bnf.fr/ark:/12148/cb30271709f,https://gallica.bnf.fr/ark:/12148/bpt6k71339h
CORNEILLEP_MEDEE,Afrique,Africa,Continent,,Afrique,32.5,7.5,Pierre Corneille,Médée,Tragédie,1635,30,1639,30,http://dramacode.github.io/tcp5/corneillep_medee.xml,https://catalogue.bnf.fr/ark:/12148/cb30271709f,https://gallica.bnf.fr/ark:/12148/bpt6k71339h
DURYER_CLARIGENE,Rome,Roma,Ville,Italie,Europe,41.891775,12.486137,Pierre du Ryer,Clarigène,Tragi-comédie,1637,30,1639,30,http://www.theatre-classique.fr/pages/programmes/edition.php?t=../documents/DURYER_CLARIGENE.xml,https://catalogue.bnf.fr/ark:/12148/cb303879252,https://gallica.bnf.fr/ark:/12148/bpt6k71577m
DURYER_CLARIGENE,Athènes,Athens,Ville,Grèce,Europe,37.9728191495,23.7237438519,Pierre du Ryer,Clarigène,Tragi-comédie,1637,30,1639,30,http://www.theatre-classique.fr/pages/programmes/edition.php?t=../documents/DURYER_CLARIGENE.xml,https://catalogue.bnf.fr/ark:/12148/cb303879252,https://gallica.bnf.fr/ark:/12148/bpt6k71577m
DURYER_CLARIGENE,Ostie,Ostia,Ville,Italie,Europe,41.754855,12.287656,Pierre du Ryer,Clarigène,Tragi-comédie,1637,30,1639,30,http://www.theatre-classique.fr/pages/programmes/edition.php?t=../documents/DURYER_CLARIGENE.xml,https://catalogue.bnf.fr/ark:/12148/cb303879252,https://gallica.bnf.fr/ark:/12148/bpt6k71577m
DURYER_CLARIGENE,Mitilène,Mytilene,Ville,Grèce,Europe,39.110475,26.547048,Pierre du Ryer,Clarigène,Tragi-comédie,1637,30,1639,30,http://www.theatre-classique.fr/pages/programmes/edition.php?t=../documents/DURYER_CLARIGENE.xml,https://catalogue.bnf.fr/ark:/12148/cb303879252,https://gallica.bnf.fr/ark:/12148/bpt6k71577m
DURYER_CLARIGENE,Sicile,Sicily,Région,Italie,Europe,37.75,14.25,Pierre du Ryer,Clarigène,Tragi-comédie,1637,30,1639,30,http://www.theatre-classique.fr/pages/programmes/edition.php?t=../documents/DURYER_CLARIGENE.xml,https://catalogue.bnf.fr/ark:/12148/cb303879252,https://gallica.bnf.fr/ark:/12148/bpt6k71577m
DURYER_CLITOPHON,Tyr,Tyre,Ville,Levant,Asie,33.2698475,35.2038435,Pierre du Ryer,Clitophon,Tragi-comédie,1629,20,1632,30,http://www.theatre-classique.fr/pages/programmes/edition.php?t=../documents/DURYER_CLITOPHON.xml,,
DURYER_CLITOPHON,Byzance,Byzantium,Ville,Anatolie,Asie,41.005902,28.9738815,Pierre du Ryer,Clitophon,Tragi-comédie,1629,20,1632,30,http://www.theatre-classique.fr/pages/programmes/edition.php?t=../documents/DURYER_CLITOPHON.xml,,
DURYER_CLITOPHON,Alexandrie,Alexandria,Ville,Afrique,Afrique,31.201435,29.909773,Pierre du Ryer,Clitophon,Tragi-comédie,1629,20,1632,30,http://www.theatre-classique.fr/pages/programmes/edition.php?t=../documents/DURYER_CLITOPHON.xml,,
DURYER_CLITOPHON,Thessalie,Thessalia/Thessaly,Région,Grèce,Europe,37.5,22.5,Pierre du Ryer,Clitophon,Tragi-comédie,1629,20,1632,30,http://www.theatre-classique.fr/pages/programmes/edition.php?t=../documents/DURYER_CLITOPHON.xml,,
DURYER_DYNAMIS,Lycie,Lycia,Région,Anatolie,Asie,36.5135325,29.129311,Pierre du Ryer,Dynamis,Tragi-comédie,1649,40,1653,50,http://dramacode.github.io/tcp5/duryer_dynamis.xml,https://catalogue.bnf.fr/ark:/12148/cb30387930n,
DURYER_DYNAMIS,Halicarnasse,Halicarnassus,Ville,Anatolie,Asie,37.042901,27.420201,Pierre du Ryer,Dynamis,Tragi-comédie,1649,40,1653,50,http://dramacode.github.io/tcp5/duryer_dynamis.xml,https://catalogue.bnf.fr/ark:/12148/cb30387930n,
DURYER_ESTHER,Perse,Persia,Pays,Orient,Asie,32,53,Pierre du Ryer,Esther,Tragédie,1642,40,1644,40,http://dramacode.github.io/tcp5/duryer_esther.xml,https://catalogue.bnf.fr/ark:/12148/cb303879310,https://gallica.bnf.fr/ark:/12148/bpt6k71601n
DURYER_ESTHER,Judée,Judea,Région,Levant,Asie,31.928333,35.238333,Pierre du Ryer,Esther,Tragédie,1642,40,1644,40,http://dramacode.github.io/tcp5/duryer_esther.xml,https://catalogue.bnf.fr/ark:/12148/cb303879310,https://gallica.bnf.fr/ark:/12148/bpt6k71601n
DURYER_ESTHER,Babylone,Babylon,Ville,Orient,Asie,32.5387834636,44.4236176449,Pierre du Ryer,Esther,Tragédie,1642,40,1644,40,http://dramacode.github.io/tcp5/duryer_esther.xml,https://catalogue.bnf.fr/ark:/12148/cb303879310,https://gallica.bnf.fr/ark:/12148/bpt6k71601n
CORNEILLET_GEOLIERDESOISMEME,Gaïette,Gaeta,Ville,Italie,Europe,41.21408,13.57082,Thomas Corneille,Le Geôlier de soi-même,Comédie,1655,50,1655,50,http://www.theatre-classique.fr/pages/programmes/edition.php?t=../documents/CORNEILLET_GEOLIERDESOISMEME.xml,,
CORNEILLET_AMOURALAMODE,Tuileries,Tuileries,Lieu,France,Europe,48.86308,2.32841,Thomas Corneille,L’Amour à la mode,Comédie,1653,50,1653,50,http://dramacode.github.io/tcp5/corneillet_amouralamode.xml,https://catalogue.bnf.fr/ark:/12148/cb30272159k,
CORNEILLET_ARIANE,Crète,Creta,Région,Grèce,Europe,35.0627201667,24.9469437222,Thomas Corneille,Ariane,Tragédie,1672,70,1672,70,http://dramacode.github.io/tcp5/corneillet_ariane.xml,https://catalogue.bnf.fr/ark:/12148/cb30272162g,https://gallica.bnf.fr/ark:/12148/bpt6k5772310n
CORNEILLET_ARIANE,Athènes,Athens,Ville,Grèce,Europe,37.9728191495,23.7237438519,Thomas Corneille,Ariane,Tragédie,1672,70,1672,70,http://dramacode.github.io/tcp5/corneillet_ariane.xml,https://catalogue.bnf.fr/ark:/12148/cb30272162g,https://gallica.bnf.fr/ark:/12148/bpt6k5772310n
CORNEILLET_ARIANE,Naxe,Naxos,Île,Grèce,Europe,37.05,25.49,Thomas Corneille,Ariane,Tragédie,1672,70,1672,70,http://dramacode.github.io/tcp5/corneillet_ariane.xml,https://catalogue.bnf.fr/ark:/12148/cb30272162g,https://gallica.bnf.fr/ark:/12148/bpt6k5772310n
CORNEILLET_BRADAMANTE,Grèce,Greece,Pays,Grèce,Europe,39,22,Thomas Corneille,Bradamante,Tragédie,1695,90,1695,90,http://dramacode.github.io/tcp5/corneillet_bradamante.xml,,
CORNEILLET_BRADAMANTE,France,France,Pays,France,Europe,46,2,Thomas Corneille,Bradamante,Tragédie,1695,90,1695,90,http://dramacode.github.io/tcp5/corneillet_bradamante.xml,,
CORNEILLET_BRADAMANTE,Belgrade,Belgrade,Ville,Serbie,Europe,44.80401,20.46513,Thomas Corneille,Bradamante,Tragédie,1695,90,1695,90,http://dramacode.github.io/tcp5/corneillet_bradamante.xml,,
CORNEILLET_GEOLIERDESOISMEME,Sicile,Sicily,Région,Italie,Europe,37.75,14.25,Thomas Corneille,Le Geôlier de soi-même,Comédie,1655,50,1655,50,http://www.theatre-classique.fr/pages/programmes/edition.php?t=../documents/CORNEILLET_GEOLIERDESOISMEME.xml,,
CORNEILLET_GEOLIERDESOISMEME,Naples,Naples,Ville,Italie,Europe,40.85216,14.26811,Thomas Corneille,Le Geôlier de soi-même,Comédie,1655,50,1655,50,http://www.theatre-classique.fr/pages/programmes/edition.php?t=../documents/CORNEILLET_GEOLIERDESOISMEME.xml,,
CORNEILLET_GEOLIERDESOISMEME,Salerne,Salerno,Ville,Italie,Europe,40.67545,14.79328,Thomas Corneille,Le Geôlier de soi-même,Comédie,1655,50,1655,50,http://www.theatre-classique.fr/pages/programmes/edition.php?t=../documents/CORNEILLET_GEOLIERDESOISMEME.xml,,
CORNEILLET_GEOLIERDESOISMEME,Moscovie,Muscovy,Région,Russie,Europe,55.75222,37.61556,Thomas Corneille,Le Geôlier de soi-même,Comédie,1655,50,1655,50,http://www.theatre-classique.fr/pages/programmes/edition.php?t=../documents/CORNEILLET_GEOLIERDESOISMEME.xml,,
CORNEILLET_GEOLIERDESOISMEME,Florence,Florence,Ville,Italie,Europe,43.77925,11.24626,Thomas Corneille,Le Geôlier de soi-même,Comédie,1655,50,1655,50,http://www.theatre-classique.fr/pages/programmes/edition.php?t=../documents/CORNEILLET_GEOLIERDESOISMEME.xml,,
