Pièce		Occurrence	Traduction anglaise	Type	Zone géographique	Continent	Coordonnées	ID	Remarque	Auteur	Titre	Genre	Représentation	Décennie	Publication	Décennie			
BOYER_AGAMEMNON	5	Asie	Asia	Continent			29.84064, 89.29688	http://www.geonames.org/6255147		Boyer, Claude	Agammemnon	Tragédie	1647	40	1680	80	http://dramacode.github.io/bibdramatique/boyer_agamemnon.xml	https://catalogue.bnf.fr/ark:/12148/cb301521083	
BOYER_AGAMEMNON	15	Grèce	Greece	Pays	Grèce	Europe	39, 22	http://www.geonames.org/390903		Boyer, Claude	Agammemnon	Tragédie	1647	40	1680	80	http://dramacode.github.io/bibdramatique/boyer_agamemnon.xml	https://catalogue.bnf.fr/ark:/12148/cb301521083	
BOYER_AGAMEMNON	34	Mycènes	Mycenae	Ville	Grèce	Europe	37.7300345711, 22.7540710459	https://pleiades.stoa.org/places/570491		Boyer, Claude	Agammemnon	Tragédie	1647	40	1680	80	http://dramacode.github.io/bibdramatique/boyer_agamemnon.xml	https://catalogue.bnf.fr/ark:/12148/cb301521083	
BOYER_AGAMEMNON	1	Phocide	Phocis	Région	Grèce	Europe	38.5, 22.25	https://pleiades.stoa.org/places/541048		Boyer, Claude	Agammemnon	Tragédie	1647	40	1680	80	http://dramacode.github.io/bibdramatique/boyer_agamemnon.xml	https://catalogue.bnf.fr/ark:/12148/cb301521083	
BOYER_AGAMEMNON	11	Ilion	Ilion	Ville	Grèce	Europe	39.740892, 20.552904	https://pleiades.stoa.org/places/530898		Boyer, Claude	Agammemnon	Tragédie	1647	40	1680	80	http://dramacode.github.io/bibdramatique/boyer_agamemnon.xml	https://catalogue.bnf.fr/ark:/12148/cb301521083	
BOYER_AGAMEMNON	1	mer Egée	Aegean Sea	Mer	Grèce	Europe	37.4126570185, 25.8014773544	https://pleiades.stoa.org/places/560221		Boyer, Claude	Agammemnon	Tragédie	1647	40	1680	80	http://dramacode.github.io/bibdramatique/boyer_agamemnon.xml	https://catalogue.bnf.fr/ark:/12148/cb301521083	
BOYER_AGAMEMNON	8	Argos	Argos	Ville	Grèce	Europe	37.631561, 22.719464	https://pleiades.stoa.org/places/570106		Boyer, Claude	Agammemnon	Tragédie	1647	40	1680	80	http://dramacode.github.io/bibdramatique/boyer_agamemnon.xml	https://catalogue.bnf.fr/ark:/12148/cb301521083	
BOYER_AGAMEMNON	19	Troie	Troy	Ville	Anatolie	Asie	39.9574327844, 26.2384586227	https://pleiades.stoa.org/places/550595		Boyer, Claude	Agammemnon	Tragédie	1647	40	1680	80	http://dramacode.github.io/bibdramatique/boyer_agamemnon.xml	https://catalogue.bnf.fr/ark:/12148/cb301521083	
BOYER_AGAMEMNON	2	Crète	Creta	Pays	Grèce	Europe	35.0627201667, 24.9469437222	https://pleiades.stoa.org/places/981517		Boyer, Claude	Agammemnon	Tragédie	1647	40	1680	80	http://dramacode.github.io/bibdramatique/boyer_agamemnon.xml	https://catalogue.bnf.fr/ark:/12148/cb301521083	
BOYER_AGAMEMNON	9	Sparte	Sparta	Ville	Grèce	Europe	37.077905, 22.4272985	https://pleiades.stoa.org/places/570685		Boyer, Claude	Agammemnon	Tragédie	1647	40	1680	80	http://dramacode.github.io/bibdramatique/boyer_agamemnon.xml	https://catalogue.bnf.fr/ark:/12148/cb301521083	
BOYER_AGAMEMNON	2	Athènes	Athens	Ville	Grèce	Europe	37.9728191495, 23.7237438519	https://pleiades.stoa.org/places/579885		Boyer, Claude	Agammemnon	Tragédie	1647	40	1680	80	http://dramacode.github.io/bibdramatique/boyer_agamemnon.xml	https://catalogue.bnf.fr/ark:/12148/cb301521083	
BOYER_AGAMEMNON	1	Corinthe	Corinth	Ville	Grèce	Europe	37.8980016198, 22.8999795422	https://pleiades.stoa.org/places/570182		Boyer, Claude	Agammemnon	Tragédie	1647	40	1680	80	http://dramacode.github.io/bibdramatique/boyer_agamemnon.xml	https://catalogue.bnf.fr/ark:/12148/cb301521083	
BOYER_AGAMEMNON	1	Ithaque	Ithaca	Île	Grèce	Europe	38.44193, 20.638399	https://pleiades.stoa.org/places/530905		Boyer, Claude	Agammemnon	Tragédie	1647	40	1680	80	http://dramacode.github.io/bibdramatique/boyer_agamemnon.xml	https://catalogue.bnf.fr/ark:/12148/cb301521083	
BOYER_AGAMEMNON	1	Epire	Epirus	Région	Grèce	Europe	39.5771060055, 20.589832047	https://pleiades.stoa.org/places/530871		Boyer, Claude	Agammemnon	Tragédie	1647	40	1680	80	http://dramacode.github.io/bibdramatique/boyer_agamemnon.xml	https://catalogue.bnf.fr/ark:/12148/cb301521083	
BOYER_AGAMEMNON	1	Europe	Europa	Continent		Europe	48.69096, 9.14062	http://www.geonames.org/6255148		Boyer, Claude	Agammemnon	Tragédie	1647	40	1680	80	http://dramacode.github.io/bibdramatique/boyer_agamemnon.xml	https://catalogue.bnf.fr/ark:/12148/cb301521083	
																			
BOYER_AMOURSJUPITERSEMELE	1	Europe	Europa	Continent		Europe	48.69096, 9.14062	http://www.geonames.org/6255148		Boyer, Claude	Les Amours de Jupiter et Sémélé	Tragédie	1666	60	1666	60	http://dramacode.github.io/bibdramatique/boyer_amoursjupitersemele.xml	https://catalogue.bnf.fr/ark:/12148/cb30152109f	https://gallica.bnf.fr/ark:/12148/bpt6k83827k
BOYER_AMOURSJUPITERSEMELE	1	Parnasse	Mount Parnassus	Montagne	Grèce	Europe	38.535435, 22.621902	https://pleiades.stoa.org/places/541012		Boyer, Claude	Les Amours de Jupiter et Sémélé	Tragédie	1666	60	1666	60	http://dramacode.github.io/bibdramatique/boyer_amoursjupitersemele.xml	https://catalogue.bnf.fr/ark:/12148/cb30152109f	https://gallica.bnf.fr/ark:/12148/bpt6k83827k
BOYER_AMOURSJUPITERSEMELE	5	Argos	Argos	Ville	Grèce	Europe	37.631561, 22.719464	https://pleiades.stoa.org/places/570106		Boyer, Claude	Les Amours de Jupiter et Sémélé	Tragédie	1666	60	1666	60	http://dramacode.github.io/bibdramatique/boyer_amoursjupitersemele.xml	https://catalogue.bnf.fr/ark:/12148/cb30152109f	https://gallica.bnf.fr/ark:/12148/bpt6k83827k
BOYER_AMOURSJUPITERSEMELE	5	Thèbes	Thebes	Ville	Grèce	Europe	38.319156, 23.317577	https://pleiades.stoa.org/places/541138		Boyer, Claude	Les Amours de Jupiter et Sémélé	Tragédie	1666	60	1666	60	http://dramacode.github.io/bibdramatique/boyer_amoursjupitersemele.xml	https://catalogue.bnf.fr/ark:/12148/cb30152109f	https://gallica.bnf.fr/ark:/12148/bpt6k83827k
																			
BOYER_ARISTODEME	8	Sparte	Sparta	Ville	Grèce	Europe	37.077905, 22.4272985	https://pleiades.stoa.org/places/570685		Boyer, Claude	Aristodème	Tragédie	1647	40	1648	40	http://dramacode.github.io/tcp5/boyer_aristodeme.xml	https://catalogue.bnf.fr/ark:/12148/cb30152112b	https://gallica.bnf.fr/ark:/12148/bpt6k71607q
BOYER_ARISTODEME	6	Messénie	Messinia	Région	Grèce	Europe	37.25, 21.83333	http://www.geonames.org/257149		Boyer, Claude	Aristodème	Tragédie	1647	40	1648	40	http://dramacode.github.io/tcp5/boyer_aristodeme.xml	https://catalogue.bnf.fr/ark:/12148/cb30152112b	https://gallica.bnf.fr/ark:/12148/bpt6k71607q
BOYER_ARISTODEME	1	mont Ithomé	Ithome	Montagne	Grèce	Europe	37.179299, 21.92169	https://pleiades.stoa.org/places/570318		Boyer, Claude	Aristodème	Tragédie	1647	40	1648	40	http://dramacode.github.io/tcp5/boyer_aristodeme.xml	https://catalogue.bnf.fr/ark:/12148/cb30152112b	https://gallica.bnf.fr/ark:/12148/bpt6k71607q
BOYER_ARISTODEME	20	Messène	Messene	Ville	Grèce	Europe	37.179299, 21.92169	https://pleiades.stoa.org/places/570479		Boyer, Claude	Aristodème	Tragédie	1647	40	1648	40	http://dramacode.github.io/tcp5/boyer_aristodeme.xml	https://catalogue.bnf.fr/ark:/12148/cb30152112b	https://gallica.bnf.fr/ark:/12148/bpt6k71607q
BOYER_ARISTODEME	2	Haly	Kızılırmak	Fleuve	Anatolie	Asie	41.6767598, 35.9295291	https://pleiades.stoa.org/places/857148		Boyer, Claude	Aristodème	Tragédie	1647	40	1648	40	http://dramacode.github.io/tcp5/boyer_aristodeme.xml	https://catalogue.bnf.fr/ark:/12148/cb30152112b	https://gallica.bnf.fr/ark:/12148/bpt6k71607q
BOYER_ARISTODEME	1	Cocyte	Cocytus	Fleuve	Enfers	Europe		https://en.wikipedia.org/wiki/Cocytus		Boyer, Claude	Aristodème	Tragédie	1647	40	1648	40	http://dramacode.github.io/tcp5/boyer_aristodeme.xml	https://catalogue.bnf.fr/ark:/12148/cb30152112b	https://gallica.bnf.fr/ark:/12148/bpt6k71607q
																			
BOYER_ARTAXERCE	6	Perse	Persia	Pays	Orient	Asie	32, 53	http://www.geonames.org/130758		Boyer, Claude	Artaxerce	Tragédie	1682	80	1683	80	http://dramacode.github.io/bibdramatique/boyer_artaxerce.xml	https://catalogue.bnf.fr/ark:/12148/cb30152113p	
BOYER_ARTAXERCE	2	Babylone	Babylon	Ville	Orient	Asie	32.5387834636, 44.4236176449	https://pleiades.stoa.org/places/893951		Boyer, Claude	Artaxerce	Tragédie	1682	80	1683	80	http://dramacode.github.io/bibdramatique/boyer_artaxerce.xml	https://catalogue.bnf.fr/ark:/12148/cb30152113p	
BOYER_ARTAXERCE	2	Asie	Asia	Continent		Asie	29.84064, 89.29688	http://www.geonames.org/6255147		Boyer, Claude	Artaxerce	Tragédie	1682	80	1683	80	http://dramacode.github.io/bibdramatique/boyer_artaxerce.xml	https://catalogue.bnf.fr/ark:/12148/cb30152113p	
																			
CORNEILLEP_ANDROMEDE	1	France	France	Pays	France	Europe	46, 2	http://www.geonames.org/3017382		Corneille, Pierre	Andromède	Tragédie	1650	50	1651	50	http://dramacode.github.io/tcp5/corneillep_andromede.xml	https://catalogue.bnf.fr/ark:/12148/cb30271433g	https://gallica.bnf.fr/ark:/12148/bpt6k70397f
CORNEILLEP_ANDROMEDE	1	Italie	Italy	Pays	Italie	Europe	42.83333, 12.83333	http://www.geonames.org/3175395		Corneille, Pierre	Andromède	Tragédie	1650	50	1651	50	http://dramacode.github.io/tcp5/corneillep_andromede.xml	https://catalogue.bnf.fr/ark:/12148/cb30271433g	https://gallica.bnf.fr/ark:/12148/bpt6k70397f
CORNEILLEP_ANDROMEDE	2	Éryce	Erice	Ville	Italie	Europe	38.03704, 12.58653	http://www.geonames.org/6539112	Est-ce la bonne ville?	Corneille, Pierre	Andromède	Tragédie	1650	50	1651	50	http://dramacode.github.io/tcp5/corneillep_andromede.xml	https://catalogue.bnf.fr/ark:/12148/cb30271433g	https://gallica.bnf.fr/ark:/12148/bpt6k70397f
CORNEILLEP_ANDROMEDE	1	Paphe	Paphos	Ville	Grèce	Europe	34.757212, 32.406593	https://pleiades.stoa.org/places/707586		Corneille, Pierre	Andromède	Tragédie	1650	50	1651	50	http://dramacode.github.io/tcp5/corneillep_andromede.xml	https://catalogue.bnf.fr/ark:/12148/cb30271433g	https://gallica.bnf.fr/ark:/12148/bpt6k70397f
CORNEILLEP_ANDROMEDE	1	Amathonte	Amathus	Ville	Grèce	Europe	34.71292, 33.1429	http://www.geonames.org/146822		Corneille, Pierre	Andromède	Tragédie	1650	50	1651	50	http://dramacode.github.io/tcp5/corneillep_andromede.xml	https://catalogue.bnf.fr/ark:/12148/cb30271433g	https://gallica.bnf.fr/ark:/12148/bpt6k70397f
CORNEILLEP_ANDROMEDE	1	Cythère	Cythera	Île	Grèce	Europe	36.2400122314, 22.9829428015	https://pleiades.stoa.org/places/570186		Corneille, Pierre	Andromède	Tragédie	1650	50	1651	50	http://dramacode.github.io/tcp5/corneillep_andromede.xml	https://catalogue.bnf.fr/ark:/12148/cb30271433g	https://gallica.bnf.fr/ark:/12148/bpt6k70397f
																			
CORNEILLEP_CID	7	Castille	Castile	Région	Péninsule Ibérique	Europe	41, -3.5	http://www.geonames.org/3125826		Corneille, Pierre	Le Cid	Tragi-comédie	1637	30	1637	30	http://dramacode.github.io/tcp5/corneillep_cid.xml	https://catalogue.bnf.fr/ark:/12148/cb30271451d	https://gallica.bnf.fr/ark:/12148/bpt6k70138c
CORNEILLEP_CID	4	Grenade	Granada	Ville	Péninsule Ibérique	Europe	12.11667, -61.66667	http://www.geonames.org/3580239		Corneille, Pierre	Le Cid	Tragi-comédie	1637	30	1637	30	http://dramacode.github.io/tcp5/corneillep_cid.xml	https://catalogue.bnf.fr/ark:/12148/cb30271451d	https://gallica.bnf.fr/ark:/12148/bpt6k70138c
CORNEILLEP_CID	3	Aragon	Aragon	Région	Péninsule Ibérique	Europe	41.5, -0.66667	http://www.geonames.org/3336899		Corneille, Pierre	Le Cid	Tragi-comédie	1637	30	1637	30	http://dramacode.github.io/tcp5/corneillep_cid.xml	https://catalogue.bnf.fr/ark:/12148/cb30271451d	https://gallica.bnf.fr/ark:/12148/bpt6k70138c
CORNEILLEP_CID	3	Espagne	Spain	Pays	Péninsule Ibérique	Europe	40, -4	http://www.geonames.org/2510769		Corneille, Pierre	Le Cid	Tragi-comédie	1637	30	1637	30	http://dramacode.github.io/tcp5/corneillep_cid.xml	https://catalogue.bnf.fr/ark:/12148/cb30271451d	https://gallica.bnf.fr/ark:/12148/bpt6k70138c
CORNEILLEP_CID	1	Portugal	Portugal	Pays	Péninsule Ibérique	Europe	39.6945, -8.13057	http://www.geonames.org/2264397		Corneille, Pierre	Le Cid	Tragi-comédie	1637	30	1637	30	http://dramacode.github.io/tcp5/corneillep_cid.xml	https://catalogue.bnf.fr/ark:/12148/cb30271451d	https://gallica.bnf.fr/ark:/12148/bpt6k70138c
CORNEILLEP_CID	1	Andalousie	Andalusia	Région	Péninsule Ibérique	Europe	37.6, -4.5	http://www.geonames.org/2593109		Corneille, Pierre	Le Cid	Tragi-comédie	1637	30	1637	30	http://dramacode.github.io/tcp5/corneillep_cid.xml	https://catalogue.bnf.fr/ark:/12148/cb30271451d	https://gallica.bnf.fr/ark:/12148/bpt6k70138c
CORNEILLEP_CID	1	Séville	Seville	Ville	Péninsule Ibérique	Europe	37.38283, -5.97317	http://www.geonames.org/2510911		Corneille, Pierre	Le Cid	Tragi-comédie	1637	30	1637	30	http://dramacode.github.io/tcp5/corneillep_cid.xml	https://catalogue.bnf.fr/ark:/12148/cb30271451d	https://gallica.bnf.fr/ark:/12148/bpt6k70138c
CORNEILLEP_CID	1	Tolède	Toledo	Ville	Péninsule Ibérique	Europe	39.8581, -4.02263	http://www.geonames.org/2510409		Corneille, Pierre	Le Cid	Tragi-comédie	1637	30	1637	30	http://dramacode.github.io/tcp5/corneillep_cid.xml	https://catalogue.bnf.fr/ark:/12148/cb30271451d	https://gallica.bnf.fr/ark:/12148/bpt6k70138c
																			
CORNEILLEP_ILLUSIONCOMIQUE	1	Pô	Po	Fleuve	Italie	Europe	44.97472, 12.05444	http://www.geonames.org/3170550		Corneille, Pierre	Illusion comique	Comédie	1636	30	1639		http://dramacode.github.io/tcp5/corneillep_illusioncomique.xml	https://catalogue.bnf.fr/ark:/12148/cb30271704q	https://gallica.bnf.fr/ark:/12148/bpt6k70407x
CORNEILLEP_ILLUSIONCOMIQUE	1	Rhin	Rhine	Fleuve	Allemagne	Europe	51.97198, 5.91545	http://www.geonames.org/2748179		Corneille, Pierre	Illusion comique	Comédie	1636	30	1639		http://dramacode.github.io/tcp5/corneillep_illusioncomique.xml	https://catalogue.bnf.fr/ark:/12148/cb30271704q	https://gallica.bnf.fr/ark:/12148/bpt6k70407x
CORNEILLEP_ILLUSIONCOMIQUE	1	Meuse	Meuse	Fleuve	France	Europe	51.71278, 4.8345	http://www.geonames.org/2751306		Corneille, Pierre	Illusion comique	Comédie	1636	30	1639		http://dramacode.github.io/tcp5/corneillep_illusioncomique.xml	https://catalogue.bnf.fr/ark:/12148/cb30271704q	https://gallica.bnf.fr/ark:/12148/bpt6k70407x
CORNEILLEP_ILLUSIONCOMIQUE	1	Seine	Seine	Fleuve	France	Europe	49.44469, 0.38177	http://www.geonames.org/2975252		Corneille, Pierre	Illusion comique	Comédie	1636	30	1639		http://dramacode.github.io/tcp5/corneillep_illusioncomique.xml	https://catalogue.bnf.fr/ark:/12148/cb30271704q	https://gallica.bnf.fr/ark:/12148/bpt6k70407x
CORNEILLEP_ILLUSIONCOMIQUE	1	Tage	Tagus	Fleuve	Péninsule Ibérique	Europe	38.6764, -9.27933	http://www.geonames.org/2262787		Corneille, Pierre	Illusion comique	Comédie	1636	30	1639		http://dramacode.github.io/tcp5/corneillep_illusioncomique.xml	https://catalogue.bnf.fr/ark:/12148/cb30271704q	https://gallica.bnf.fr/ark:/12148/bpt6k70407x
CORNEILLEP_ILLUSIONCOMIQUE	2	Bretagne	Brittany	Région	France	Europe	48.16667, -2.83333	http://www.geonames.org/3030293		Corneille, Pierre	Illusion comique	Comédie	1636	30	1639		http://dramacode.github.io/tcp5/corneillep_illusioncomique.xml	https://catalogue.bnf.fr/ark:/12148/cb30271704q	https://gallica.bnf.fr/ark:/12148/bpt6k70407x
CORNEILLEP_ILLUSIONCOMIQUE	4	Paris	Paris	Ville	France	Europe	48.85341, 2.3488	http://www.geonames.org/2988507		Corneille, Pierre	Illusion comique	Comédie	1636	30	1639		http://dramacode.github.io/tcp5/corneillep_illusioncomique.xml	https://catalogue.bnf.fr/ark:/12148/cb30271704q	https://gallica.bnf.fr/ark:/12148/bpt6k70407x
CORNEILLEP_ILLUSIONCOMIQUE	1	Tormes	Tormes	Fleuve	Péninsule Ibérique	Europe	41.29245, -6.47995	http://www.geonames.org/3107914		Corneille, Pierre	Illusion comique	Comédie	1636	30	1639		http://dramacode.github.io/tcp5/corneillep_illusioncomique.xml	https://catalogue.bnf.fr/ark:/12148/cb30271704q	https://gallica.bnf.fr/ark:/12148/bpt6k70407x
CORNEILLEP_ILLUSIONCOMIQUE	1	Bordeaux	Bordeaux	Ville	France	Europe	44.84044, -0.5805	http://www.geonames.org/3031582		Corneille, Pierre	Illusion comique	Comédie	1636	30	1639		http://dramacode.github.io/tcp5/corneillep_illusioncomique.xml	https://catalogue.bnf.fr/ark:/12148/cb30271704q	https://gallica.bnf.fr/ark:/12148/bpt6k70407x
CORNEILLEP_ILLUSIONCOMIQUE	2	Perse	Persia	Pays	Orient	Asie	32, 53	http://www.geonames.org/130758		Corneille, Pierre	Illusion comique	Comédie	1636	30	1639		http://dramacode.github.io/tcp5/corneillep_illusioncomique.xml	https://catalogue.bnf.fr/ark:/12148/cb30271704q	https://gallica.bnf.fr/ark:/12148/bpt6k70407x
CORNEILLEP_ILLUSIONCOMIQUE	1	Éthiopie	Ethiopia	Pays	Afrique	Afrique	9, 39.5	http://www.geonames.org/337996		Corneille, Pierre	Illusion comique	Comédie	1636	30	1639		http://dramacode.github.io/tcp5/corneillep_illusioncomique.xml	https://catalogue.bnf.fr/ark:/12148/cb30271704q	https://gallica.bnf.fr/ark:/12148/bpt6k70407x
CORNEILLEP_ILLUSIONCOMIQUE	1	Japon	Japan	Pays	Extrême-Orient	Asie	35.68536, 139.75309	http://www.geonames.org/1861060		Corneille, Pierre	Illusion comique	Comédie	1636	30	1639		http://dramacode.github.io/tcp5/corneillep_illusioncomique.xml	https://catalogue.bnf.fr/ark:/12148/cb30271704q	https://gallica.bnf.fr/ark:/12148/bpt6k70407x
CORNEILLEP_ILLUSIONCOMIQUE	1	Mexique	Mexico	Pays	Amérique	Amérique	23, -102	http://www.geonames.org/3996063		Corneille, Pierre	Illusion comique	Comédie	1636	30	1639		http://dramacode.github.io/tcp5/corneillep_illusioncomique.xml	https://catalogue.bnf.fr/ark:/12148/cb30271704q	https://gallica.bnf.fr/ark:/12148/bpt6k70407x
CORNEILLEP_ILLUSIONCOMIQUE	1	Transylvanie	Transylvania	Région	Transylvanie	Europe	46.5, 25	http://www.geonames.org/664661		Corneille, Pierre	Illusion comique	Comédie	1636	30	1639		http://dramacode.github.io/tcp5/corneillep_illusioncomique.xml	https://catalogue.bnf.fr/ark:/12148/cb30271704q	https://gallica.bnf.fr/ark:/12148/bpt6k70407x
CORNEILLEP_ILLUSIONCOMIQUE	1	Europe	Europa	Continent		Europe	48.69096, 9.14062	http://www.geonames.org/6255148		Corneille, Pierre	Illusion comique	Comédie	1636	30	1639		http://dramacode.github.io/tcp5/corneillep_illusioncomique.xml	https://catalogue.bnf.fr/ark:/12148/cb30271704q	https://gallica.bnf.fr/ark:/12148/bpt6k70407x
CORNEILLEP_ILLUSIONCOMIQUE	1	Chine	China	Pays	Extrême-Orient	Asie	35, 105	http://www.geonames.org/1814991		Corneille, Pierre	Illusion comique	Comédie	1636	30	1639		http://dramacode.github.io/tcp5/corneillep_illusioncomique.xml	https://catalogue.bnf.fr/ark:/12148/cb30271704q	https://gallica.bnf.fr/ark:/12148/bpt6k70407x
CORNEILLEP_ILLUSIONCOMIQUE	1	Égypte	Egypt	Pays	Afrique	Afrique	27, 30	http://www.geonames.org/357994		Corneille, Pierre	Illusion comique	Comédie	1636	30	1639		http://dramacode.github.io/tcp5/corneillep_illusioncomique.xml	https://catalogue.bnf.fr/ark:/12148/cb30271704q	https://gallica.bnf.fr/ark:/12148/bpt6k70407x
CORNEILLEP_ILLUSIONCOMIQUE	1	Caire	Cairo	Ville	Afrique	Afrique	30.06263, 31.24967	http://www.geonames.org/360630		Corneille, Pierre	Illusion comique	Comédie	1636	30	1639		http://dramacode.github.io/tcp5/corneillep_illusioncomique.xml	https://catalogue.bnf.fr/ark:/12148/cb30271704q	https://gallica.bnf.fr/ark:/12148/bpt6k70407x
CORNEILLEP_ILLUSIONCOMIQUE	1	Islande	Iceland	Pays	Islande	Europe	65, -18	http://www.geonames.org/2629691		Corneille, Pierre	Illusion comique	Comédie	1636	30	1639		http://dramacode.github.io/tcp5/corneillep_illusioncomique.xml	https://catalogue.bnf.fr/ark:/12148/cb30271704q	https://gallica.bnf.fr/ark:/12148/bpt6k70407x
CORNEILLEP_ILLUSIONCOMIQUE	1	Parnasse	Mount Parnassus	Montagne	Grèce	Europe	38.535435, 22.621902	https://pleiades.stoa.org/places/541012		Corneille, Pierre	Illusion comique	Comédie	1636	30	1639		http://dramacode.github.io/tcp5/corneillep_illusioncomique.xml	https://catalogue.bnf.fr/ark:/12148/cb30271704q	https://gallica.bnf.fr/ark:/12148/bpt6k70407x
																			
CORNEILLEP_MEDEE	9	Corinthe	Corinth	Ville	Grèce	Europe	37.8980016198, 22.8999795422	https://pleiades.stoa.org/places/570182		Corneille, Pierre	Médée	Tragédie	1635	30	1639	30	http://dramacode.github.io/tcp5/corneillep_medee.xml	https://catalogue.bnf.fr/ark:/12148/cb30271709f	https://gallica.bnf.fr/ark:/12148/bpt6k71339h
CORNEILLEP_MEDEE	2	Lemnos	Lemnos	Île	Grèce	Europe	39.916667, 25.25	https://pleiades.stoa.org/places/550693		Corneille, Pierre	Médée	Tragédie	1635	30	1639	30	http://dramacode.github.io/tcp5/corneillep_medee.xml	https://catalogue.bnf.fr/ark:/12148/cb30271709f	https://gallica.bnf.fr/ark:/12148/bpt6k71339h
CORNEILLEP_MEDEE	2	Phase	Rioni	Fleuve	Grèce	Europe	42.1237505, 42.2161531	https://pleiades.stoa.org/places/857276		Corneille, Pierre	Médée	Tragédie	1635	30	1639	30	http://dramacode.github.io/tcp5/corneillep_medee.xml	https://catalogue.bnf.fr/ark:/12148/cb30271709f	https://gallica.bnf.fr/ark:/12148/bpt6k71339h
CORNEILLEP_MEDEE	6	Thessalie	Thessalia/Thessaly	Région	Grèce	Europe	37.5, 22.5	https://pleiades.stoa.org/places/991374		Corneille, Pierre	Médée	Tragédie	1635	30	1639	30	http://dramacode.github.io/tcp5/corneillep_medee.xml	https://catalogue.bnf.fr/ark:/12148/cb30271709f	https://gallica.bnf.fr/ark:/12148/bpt6k71339h
CORNEILLEP_MEDEE	1	Asie	Asia	Continent		Asie	29.84064, 89.29688	http://www.geonames.org/6255147		Corneille, Pierre	Médée	Tragédie	1635	30	1639	30	http://dramacode.github.io/tcp5/corneillep_medee.xml	https://catalogue.bnf.fr/ark:/12148/cb30271709f	https://gallica.bnf.fr/ark:/12148/bpt6k71339h
CORNEILLEP_MEDEE	4	Athènes	Athens	Ville	Grèce	Europe	37.9728191495, 23.7237438519	https://pleiades.stoa.org/places/579885		Corneille, Pierre	Médée	Tragédie	1635	30	1639	30	http://dramacode.github.io/tcp5/corneillep_medee.xml	https://catalogue.bnf.fr/ark:/12148/cb30271709f	https://gallica.bnf.fr/ark:/12148/bpt6k71339h
CORNEILLEP_MEDEE	1	Achéron	Acheron	Fleuve	Grèce	Europe	39.2348296, 20.4831346	https://pleiades.stoa.org/places/530769		Corneille, Pierre	Médée	Tragédie	1635	30	1639	30	http://dramacode.github.io/tcp5/corneillep_medee.xml	https://catalogue.bnf.fr/ark:/12148/cb30271709f	https://gallica.bnf.fr/ark:/12148/bpt6k71339h
CORNEILLEP_MEDEE	3	Grèce	Greece	Pays	Grèce	Europe	39, 22	http://www.geonames.org/390903		Corneille, Pierre	Médée	Tragédie	1635	30	1639	30	http://dramacode.github.io/tcp5/corneillep_medee.xml	https://catalogue.bnf.fr/ark:/12148/cb30271709f	https://gallica.bnf.fr/ark:/12148/bpt6k71339h
CORNEILLEP_MEDEE	2	Scythie	Scythie	Région	Orient	Asie	42.5, 27.5	https://pleiades.stoa.org/places/991379	Iraniens mais pas en Iran	Corneille, Pierre	Médée	Tragédie	1635	30	1639	30	http://dramacode.github.io/tcp5/corneillep_medee.xml	https://catalogue.bnf.fr/ark:/12148/cb30271709f	https://gallica.bnf.fr/ark:/12148/bpt6k71339h
CORNEILLEP_MEDEE	1	Afrique	Africa	Continent		Afrique	32.5, 7.5	https://pleiades.stoa.org/places/775		Corneille, Pierre	Médée	Tragédie	1635	30	1639	30	http://dramacode.github.io/tcp5/corneillep_medee.xml	https://catalogue.bnf.fr/ark:/12148/cb30271709f	https://gallica.bnf.fr/ark:/12148/bpt6k71339h
																			
CORNEILLET_AMOURALAMODE	2	Tuileries	Tuileries	Lieu	France	Europe	48.86308, 2.32841	http://www.geonames.org/6452747		Corneille, Thomas	L’Amour à la mode	Comédie	1653	50	1653	50	http://dramacode.github.io/tcp5/corneillet_amouralamode.xml	https://catalogue.bnf.fr/ark:/12148/cb30272159k	
																			
CORNEILLET_ARIANE	4	Crète	Creta	Région	Grèce	Europe	35.0627201667, 24.9469437222	https://pleiades.stoa.org/places/981517		Corneille, Thomas	Ariane	Tragédie	1672	70	1672	70	http://dramacode.github.io/tcp5/corneillet_ariane.xml	https://catalogue.bnf.fr/ark:/12148/cb30272162g	https://gallica.bnf.fr/ark:/12148/bpt6k5772310n
CORNEILLET_ARIANE	7	Athènes	Athens	Ville	Grèce	Europe	37.9728191495, 23.7237438519	https://pleiades.stoa.org/places/579885		Corneille, Thomas	Ariane	Tragédie	1672	70	1672	70	http://dramacode.github.io/tcp5/corneillet_ariane.xml	https://catalogue.bnf.fr/ark:/12148/cb30272162g	https://gallica.bnf.fr/ark:/12148/bpt6k5772310n
CORNEILLET_ARIANE	11	Naxe	Naxos	Île	Grèce	Europe	37.05, 25.49	https://pleiades.stoa.org/places/599822		Corneille, Thomas	Ariane	Tragédie	1672	70	1672	70	http://dramacode.github.io/tcp5/corneillet_ariane.xml	https://catalogue.bnf.fr/ark:/12148/cb30272162g	https://gallica.bnf.fr/ark:/12148/bpt6k5772310n
																			
CORNEILLET_BRADAMANTE	5	Grèce	Greece	Pays	Grèce	Europe	39, 22	http://www.geonames.org/390903		Corneille, Thomas	Bradamante	Tragédie	1695	90	1695	90	http://dramacode.github.io/tcp5/corneillet_bradamante.xml		
CORNEILLET_BRADAMANTE	3	France	France	Pays	France	Europe	46, 2	http://www.geonames.org/3017382		Corneille, Thomas	Bradamante	Tragédie	1695	90	1695	90	http://dramacode.github.io/tcp5/corneillet_bradamante.xml		
CORNEILLET_BRADAMANTE	1	Belgrade	Belgrade	Ville	Serbie	Europe	44.80401, 20.46513	http://www.geonames.org/792680		Corneille, Thomas	Bradamante	Tragédie	1695	90	1695	90	http://dramacode.github.io/tcp5/corneillet_bradamante.xml		
																			
CORNEILLET_GEOLIERDESOISMEME	25	Sicile	Sicily	Région	Italie	Europe	37.75, 14.25	http://www.geonames.org/2523119		Corneille, Thomas	Le Geôlier de soi-même	Comédie	1655	50	1655	50	http://www.theatre-classique.fr/pages/programmes/edition.php?t=../documents/CORNEILLET_GEOLIERDESOISMEME.xml		
CORNEILLET_GEOLIERDESOISMEME	2	Naples	Naples	Ville	Italie	Europe	40.85216, 14.26811	http://www.geonames.org/3172394		Corneille, Thomas	Le Geôlier de soi-même	Comédie	1655	50	1655	50	http://www.theatre-classique.fr/pages/programmes/edition.php?t=../documents/CORNEILLET_GEOLIERDESOISMEME.xml		
CORNEILLET_GEOLIERDESOISMEME	1	Salerne	Salerno	Ville	Italie	Europe	40.67545, 14.79328	http://www.geonames.org/3168673		Corneille, Thomas	Le Geôlier de soi-même	Comédie	1655	50	1655	50	http://www.theatre-classique.fr/pages/programmes/edition.php?t=../documents/CORNEILLET_GEOLIERDESOISMEME.xml		
CORNEILLET_GEOLIERDESOISMEME	9	Gaïette	Gaeta	Ville	Italie	Europe	41.21408, 13.57082	http://www.geonames.org/3176438		Corneille, Thomas	Le Geôlier de soi-même	Comédie	1655	50	1655	50	http://www.theatre-classique.fr/pages/programmes/edition.php?t=../documents/CORNEILLET_GEOLIERDESOISMEME.xml		
CORNEILLET_GEOLIERDESOISMEME	1	Moscovie	Muscovy	Région	Russie	Europe	55.75222, 37.61556	https://en.wikipedia.org/wiki/Grand_Duchy_of_Moscow		Corneille, Thomas	Le Geôlier de soi-même	Comédie	1655	50	1655	50	http://www.theatre-classique.fr/pages/programmes/edition.php?t=../documents/CORNEILLET_GEOLIERDESOISMEME.xml		
CORNEILLET_GEOLIERDESOISMEME	1	Florence	Florence	Ville	Italie	Europe	43.77925, 11.24626	http://www.geonames.org/3176959		Corneille, Thomas	Le Geôlier de soi-même	Comédie	1655	50	1655	50	http://www.theatre-classique.fr/pages/programmes/edition.php?t=../documents/CORNEILLET_GEOLIERDESOISMEME.xml		
																			
DURYER_CLARIGENE	22	Rome	Roma	Ville	Italie	Europe	41.891775, 12.486137	https://pleiades.stoa.org/places/423025		Duryer, Pierre	Clarigène	Tragi-comédie	1637	30	1639	30	http://www.theatre-classique.fr/pages/programmes/edition.php?t=../documents/DURYER_CLARIGENE.xml	https://catalogue.bnf.fr/ark:/12148/cb303879252	https://gallica.bnf.fr/ark:/12148/bpt6k71577m
DURYER_CLARIGENE	4	Athènes	Athens	Ville	Grèce	Europe	37.9728191495, 23.7237438519	https://pleiades.stoa.org/places/579885		Duryer, Pierre	Clarigène	Tragi-comédie	1637	30	1639	30	http://www.theatre-classique.fr/pages/programmes/edition.php?t=../documents/DURYER_CLARIGENE.xml	https://catalogue.bnf.fr/ark:/12148/cb303879252	https://gallica.bnf.fr/ark:/12148/bpt6k71577m
DURYER_CLARIGENE	1	Ostie	Ostia	Ville	Italie	Europe	41.754855, 12.287656	https://pleiades.stoa.org/places/422995		Duryer, Pierre	Clarigène	Tragi-comédie	1637	30	1639	30	http://www.theatre-classique.fr/pages/programmes/edition.php?t=../documents/DURYER_CLARIGENE.xml	https://catalogue.bnf.fr/ark:/12148/cb303879252	https://gallica.bnf.fr/ark:/12148/bpt6k71577m
DURYER_CLARIGENE	1	Mitilène	Mytilene	Ville	Grèce	Europe	39.110475, 26.547048	https://pleiades.stoa.org/places/550763		Duryer, Pierre	Clarigène	Tragi-comédie	1637	30	1639	30	http://www.theatre-classique.fr/pages/programmes/edition.php?t=../documents/DURYER_CLARIGENE.xml	https://catalogue.bnf.fr/ark:/12148/cb303879252	https://gallica.bnf.fr/ark:/12148/bpt6k71577m
DURYER_CLARIGENE	3	Sicile	Sicily	Région	Italie	Europe	37.75, 14.25	http://www.geonames.org/2523119		Duryer, Pierre	Clarigène	Tragi-comédie	1637	30	1639	30	http://www.theatre-classique.fr/pages/programmes/edition.php?t=../documents/DURYER_CLARIGENE.xml	https://catalogue.bnf.fr/ark:/12148/cb303879252	https://gallica.bnf.fr/ark:/12148/bpt6k71577m
																			
DURYER_CLITOPHON	4	Tyr	Tyre	Ville	Levant	Asie	33.2698475, 35.2038435	https://pleiades.stoa.org/places/678437		Duryer, Pierre	Clitophon	Tragi-comédie	1629	20	1632	30	http://www.theatre-classique.fr/pages/programmes/edition.php?t=../documents/DURYER_CLITOPHON.xml		
DURYER_CLITOPHON	2	Byzance	Byzantium	Ville	Anatolie	Asie	41.005902, 28.9738815	https://pleiades.stoa.org/places/520985		Duryer, Pierre	Clitophon	Tragi-comédie	1629	20	1632	30	http://www.theatre-classique.fr/pages/programmes/edition.php?t=../documents/DURYER_CLITOPHON.xml		
DURYER_CLITOPHON	1	Alexandrie	Alexandria	Ville	Afrique	Afrique	31.201435, 29.909773	https://pleiades.stoa.org/places/727070		Duryer, Pierre	Clitophon	Tragi-comédie	1629	20	1632	30	http://www.theatre-classique.fr/pages/programmes/edition.php?t=../documents/DURYER_CLITOPHON.xml		
DURYER_CLITOPHON	2	Thessalie	Thessalia/Thessaly	Région	Grèce	Europe	37.5, 22.5	https://pleiades.stoa.org/places/991374		Duryer, Pierre	Clitophon	Tragi-comédie	1629	20	1632	30	http://www.theatre-classique.fr/pages/programmes/edition.php?t=../documents/DURYER_CLITOPHON.xml		
																			
DURYER_DYNAMIS	1	Lycie	Lycia	Région	Anatolie	Asie	36.5135325, 29.129311	https://pleiades.stoa.org/places/638965		Duryer, Pierre	Dynamis	Tragi-comédie	1649	40	1653	50	http://dramacode.github.io/tcp5/duryer_dynamis.xml	https://catalogue.bnf.fr/ark:/12148/cb30387930n	
DURYER_DYNAMIS	1	Halicarnasse	Halicarnassus	Ville	Anatolie	Asie	37.042901, 27.420201	https://pleiades.stoa.org/places/599636		Duryer, Pierre	Dynamis	Tragi-comédie	1649	40	1653	50	http://dramacode.github.io/tcp5/duryer_dynamis.xml	https://catalogue.bnf.fr/ark:/12148/cb30387930n	
																			
DURYER_ESTHER	7	Perse	Persia	Pays	Orient	Asie	32, 53	http://www.geonames.org/130758		Duryer, Pierre	Esther	Tragédie	1642	40	1644	40	http://dramacode.github.io/tcp5/duryer_esther.xml	https://catalogue.bnf.fr/ark:/12148/cb303879310	https://gallica.bnf.fr/ark:/12148/bpt6k71601n
DURYER_ESTHER	1	Judée	Judea	Région	Levant	Asie	31.928333, 35.238333	https://pleiades.stoa.org/places/687934		Duryer, Pierre	Esther	Tragédie	1642	40	1644	40	http://dramacode.github.io/tcp5/duryer_esther.xml	https://catalogue.bnf.fr/ark:/12148/cb303879310	https://gallica.bnf.fr/ark:/12148/bpt6k71601n
DURYER_ESTHER	1	Babylone	Babylon	Ville	Orient	Asie	32.5387834636, 44.4236176449	https://pleiades.stoa.org/places/893951		Duryer, Pierre	Esther	Tragédie	1642	40	1644	40	http://dramacode.github.io/tcp5/duryer_esther.xml	https://catalogue.bnf.fr/ark:/12148/cb303879310	https://gallica.bnf.fr/ark:/12148/bpt6k71601n
																			
MOLIERE_AMPHITRYON	5	Thèbes	Thebes	Ville	Grèce	Europe	38.319156, 23.317577	https://pleiades.stoa.org/places/541138		Molière	Amphitryon	Comédie	1668	60	1668	60	http://dramacode.github.io/moliere/moliere_amphitryon.xml	https://catalogue.bnf.fr/ark:/12148/cb32457713b	
MOLIERE_AMPHITRYON	1	Thessalie	Thessalia/Thessaly	Région	Grèce	Europe	37.5, 22.5	https://pleiades.stoa.org/places/991374		Molière	Amphitryon	Comédie	1668	60	1668	60	http://dramacode.github.io/moliere/moliere_amphitryon.xml	https://catalogue.bnf.fr/ark:/12148/cb32457713b	
MOLIERE_AMPHITRYON	2	Télèbe		Fiction	Grèce	Europe				Molière	Amphitryon	Comédie	1668	60	1668	60	http://dramacode.github.io/moliere/moliere_amphitryon.xml	https://catalogue.bnf.fr/ark:/12148/cb32457713b	
																			
MOLIERE_DOMGARCIEDENAVARRE	9	Castille	Castile	Région	Péninsule Ibérique	Europe	41, -3.5	http://www.geonames.org/3125826		Molière	Don Garcie de Navarre	Comédie	1661	60	1682	80	http://dramacode.github.io/moliere/moliere_domgarciedenavarre.xml	https://catalogue.bnf.fr/ark:/12148/cb373022911	
MOLIERE_DOMGARCIEDENAVARRE	13	Léon	León	Région	Péninsule Ibérique	Europe	42.66667, -6	http://www.geonames.org/3118528		Molière	Don Garcie de Navarre	Comédie	1661	60	1682	80	http://dramacode.github.io/moliere/moliere_domgarciedenavarre.xml	https://catalogue.bnf.fr/ark:/12148/cb373022911	
MOLIERE_DOMGARCIEDENAVARRE	3	Astorgue	Astorga	Ville	Péninsule Ibérique	Europe	42.45879, -6.05601	http://www.geonames.org/3129231		Molière	Don Garcie de Navarre	Comédie	1661	60	1682	80	http://dramacode.github.io/moliere/moliere_domgarciedenavarre.xml	https://catalogue.bnf.fr/ark:/12148/cb373022911	
MOLIERE_DOMGARCIEDENAVARRE	1	Burgos	Burgos	Ville	Péninsule Ibérique	Europe	42.34106, -3.70184	http://www.geonames.org/3127461		Molière	Don Garcie de Navarre	Comédie	1661	60	1682	80	http://dramacode.github.io/moliere/moliere_domgarciedenavarre.xml	https://catalogue.bnf.fr/ark:/12148/cb373022911	
																			
MOLIERE_MISANTHROPE	4	Paris	Paris	Ville	France	Europe	48.85341, 2.3488	http://www.geonames.org/2988507		Molière	Le Misanthrope	Comédie	1667	60	1667	60	http://dramacode.github.io/moliere/moliere_misanthrope.xml	catalogue.bnf.fr/ark:/12148/cb30958766r	http://gallica.bnf.fr/ark:/12148/btv1b8610797j
MOLIERE_MISANTHROPE	1	Louvre	Louvre	Lieu	France	Europe	48.86102, 2.33587	http://www.geonames.org/2997319		Molière	Le Misanthrope	Comédie	1667	60	1667	60	http://dramacode.github.io/moliere/moliere_misanthrope.xml	catalogue.bnf.fr/ark:/12148/cb30958766r	http://gallica.bnf.fr/ark:/12148/btv1b8610797j
																			
MOLIERE_TARTUFFE	1	Babylone	Babylon	Ville	Orient	Asie	32.5387834636, 44.4236176449	https://pleiades.stoa.org/places/893951		Molière	Tartuffe, ou l’Imposteur	Comédie	1664	60	1669	60	http://dramacode.github.io/moliere/moliere_tartuffe.xml	https://catalogue.bnf.fr/ark:/12148/cb30958943n	http://gallica.bnf.fr/ark:/12148/btv1b8610800k
MOLIERE_TARTUFFE	1	Normandie	Normandy	Région	France	Europe	49.19906, 0.49988	http://www.geonames.org/11071621		Molière	Tartuffe, ou l’Imposteur	Comédie	1664	60	1669	60	http://dramacode.github.io/moliere/moliere_tartuffe.xml	https://catalogue.bnf.fr/ark:/12148/cb30958943n	http://gallica.bnf.fr/ark:/12148/btv1b8610800k
																			
RACINE_BERENICE	2	Palestine	Palestine	Pays	Levant	Asie	31.25, 34.75	https://pleiades.stoa.org/places/687995		Racine, Jean	Bérénice	Tragédie	1670	70	1671	70	http://dramacode.github.io/tcp5/racine_berenice.xml	https://gallica.bnf.fr/ark:/12148/bpt6k70159b	https://catalogue.bnf.fr/ark:/12148/cb311691382
RACINE_BERENICE	2	Ostie	Ostia	Ville	Italie	Europe	41.754855, 12.287656	https://pleiades.stoa.org/places/422995		Racine, Jean	Bérénice	Tragédie	1670	70	1671	70	http://dramacode.github.io/tcp5/racine_berenice.xml	https://gallica.bnf.fr/ark:/12148/bpt6k70159b	https://catalogue.bnf.fr/ark:/12148/cb311691382
RACINE_BERENICE	4	Comagène	Commagene	Région	Anatolie	Asie	36.526222, 37.9555335	https://pleiades.stoa.org/places/658443		Racine, Jean	Bérénice	Tragédie	1670	70	1671	70	http://dramacode.github.io/tcp5/racine_berenice.xml	https://gallica.bnf.fr/ark:/12148/bpt6k70159b	https://catalogue.bnf.fr/ark:/12148/cb311691382
RACINE_BERENICE	52	Rome	Roma	Ville	Italie	Europe	41.891775, 12.486137	https://pleiades.stoa.org/places/423025		Racine, Jean	Bérénice	Tragédie	1670	70	1671	70	http://dramacode.github.io/tcp5/racine_berenice.xml	https://gallica.bnf.fr/ark:/12148/bpt6k70159b	https://catalogue.bnf.fr/ark:/12148/cb311691382
RACINE_BERENICE	3	Judée	Judea	Région	Levant	Asie	31.928333, 35.238333	https://pleiades.stoa.org/places/687934		Racine, Jean	Bérénice	Tragédie	1670	70	1671	70	http://dramacode.github.io/tcp5/racine_berenice.xml	https://gallica.bnf.fr/ark:/12148/bpt6k70159b	https://catalogue.bnf.fr/ark:/12148/cb311691382
RACINE_BERENICE	3	Euphrate	Euphrates	Fleuve	Orient	Asie	34.606583632, 41.3596819651	https://pleiades.stoa.org/places/912849		Racine, Jean	Bérénice	Tragédie	1670	70	1671	70	http://dramacode.github.io/tcp5/racine_berenice.xml	https://gallica.bnf.fr/ark:/12148/bpt6k70159b	https://catalogue.bnf.fr/ark:/12148/cb311691382
RACINE_BERENICE	1	Arabie	Arabia	Région	Orient	Asie	27.5, 42.5	https://pleiades.stoa.org/places/29475		Racine, Jean	Bérénice	Tragédie	1670	70	1671	70	http://dramacode.github.io/tcp5/racine_berenice.xml	https://gallica.bnf.fr/ark:/12148/bpt6k70159b	https://catalogue.bnf.fr/ark:/12148/cb311691382
RACINE_BERENICE	1	Syrie	Syria	Pays	Levant	Asie	37.5, 37.5	https://pleiades.stoa.org/places/981550		Racine, Jean	Bérénice	Tragédie	1670	70	1671	70	http://dramacode.github.io/tcp5/racine_berenice.xml	https://gallica.bnf.fr/ark:/12148/bpt6k70159b	https://catalogue.bnf.fr/ark:/12148/cb311691382
RACINE_BERENICE	1	Italie	Italy	Pays	Italie	Europe	42.83333, 12.83333	http://www.geonames.org/3175395		Racine, Jean	Bérénice	Tragédie	1670	70	1671	70	http://dramacode.github.io/tcp5/racine_berenice.xml	https://gallica.bnf.fr/ark:/12148/bpt6k70159b	https://catalogue.bnf.fr/ark:/12148/cb311691382
RACINE_BERENICE	1	Capitole	Capitoline Hill	Lieu	Italie	Europe	41.8925778, 12.4822154	https://pleiades.stoa.org/places/347036492		Racine, Jean	Bérénice	Tragédie	1670	70	1671	70	http://dramacode.github.io/tcp5/racine_berenice.xml	https://gallica.bnf.fr/ark:/12148/bpt6k70159b	https://catalogue.bnf.fr/ark:/12148/cb311691382
RACINE_BERENICE	1	Cilicie	Cilicia	Région	Anatolie	Asie	36.25, 33.25	https://pleiades.stoa.org/places/658440		Racine, Jean	Bérénice	Tragédie	1670	70	1671	70	http://dramacode.github.io/tcp5/racine_berenice.xml	https://gallica.bnf.fr/ark:/12148/bpt6k70159b	https://catalogue.bnf.fr/ark:/12148/cb311691382
																			
RACINE_ESTHER	1	Rhin	Rhine	Fleuve	Allemagne	Europe	51.97198, 5.91545	http://www.geonames.org/2748179		Racine, Jean	Esther	Tragédie	1689	80	1689	80	http://dramacode.github.io/tcp5/racine_esther.xml	https://catalogue.bnf.fr/ark:/12148/cb31169205c	http://gallica.bnf.fr/ark:/12148/bpt6k704146
RACINE_ESTHER	11	Sion	Jerusalem	Ville	Levant	Asie	31.776679, 35.234156	https://pleiades.stoa.org/places/687928		Racine, Jean	Esther	Tragédie	1689	80	1689	80	http://dramacode.github.io/tcp5/racine_esther.xml	https://catalogue.bnf.fr/ark:/12148/cb31169205c	http://gallica.bnf.fr/ark:/12148/bpt6k704146
RACINE_ESTHER	5	Suse	Susa	Ville	Orient	Asie	32.1887935, 48.2537285	https://pleiades.stoa.org/places/912936		Racine, Jean	Esther	Tragédie	1689	80	1689	80	http://dramacode.github.io/tcp5/racine_esther.xml	https://catalogue.bnf.fr/ark:/12148/cb31169205c	http://gallica.bnf.fr/ark:/12148/bpt6k704146
RACINE_ESTHER	1	Inde	India	Pays	Extrême-Orient	Asie	22.5, 77.5	https://pleiades.stoa.org/places/50004		Racine, Jean	Esther	Tragédie	1689	80	1689	80	http://dramacode.github.io/tcp5/racine_esther.xml	https://catalogue.bnf.fr/ark:/12148/cb31169205c	http://gallica.bnf.fr/ark:/12148/bpt6k704146
RACINE_ESTHER	2	Hellespont	Hellespont	Mer	Grèce	Europe	40.2, 26.4	https://pleiades.stoa.org/places/501434		Racine, Jean	Esther	Tragédie	1689	80	1689	80	http://dramacode.github.io/tcp5/racine_esther.xml	https://catalogue.bnf.fr/ark:/12148/cb31169205c	http://gallica.bnf.fr/ark:/12148/bpt6k704146
RACINE_ESTHER	1	Égypte	Egypt	Pays	Afrique	Afrique	27, 30	http://www.geonames.org/357994		Racine, Jean	Esther	Tragédie	1689	80	1689	80	http://dramacode.github.io/tcp5/racine_esther.xml	https://catalogue.bnf.fr/ark:/12148/cb31169205c	http://gallica.bnf.fr/ark:/12148/bpt6k704146
RACINE_ESTHER	1	Jérusalem	Jerusalem	Ville	Levant	Asie	31.776679, 35.234156	https://pleiades.stoa.org/places/687928		Racine, Jean	Esther	Tragédie	1689	80	1689	80	http://dramacode.github.io/tcp5/racine_esther.xml	https://catalogue.bnf.fr/ark:/12148/cb31169205c	http://gallica.bnf.fr/ark:/12148/bpt6k704146
RACINE_ESTHER	3	Jourdain	Jordan river	Fleuve	Levant	Asie	33.1864496, 35.6191595	https://pleiades.stoa.org/places/687932		Racine, Jean	Esther	Tragédie	1689	80	1689	80	http://dramacode.github.io/tcp5/racine_esther.xml	https://catalogue.bnf.fr/ark:/12148/cb31169205c	http://gallica.bnf.fr/ark:/12148/bpt6k704146
RACINE_ESTHER	1	Asie	Asia	Continent		Asie	29.84064, 89.29688	http://www.geonames.org/6255147		Racine, Jean	Esther	Tragédie	1689	80	1689	80	http://dramacode.github.io/tcp5/racine_esther.xml	https://catalogue.bnf.fr/ark:/12148/cb31169205c	http://gallica.bnf.fr/ark:/12148/bpt6k704146
RACINE_ESTHER	1	Chaldée	Chaldea	Région	Anatolie	Asie	40.5, 39.5	https://pleiades.stoa.org/places/857082		Racine, Jean	Esther	Tragédie	1689	80	1689	80	http://dramacode.github.io/tcp5/racine_esther.xml	https://catalogue.bnf.fr/ark:/12148/cb31169205c	http://gallica.bnf.fr/ark:/12148/bpt6k704146
RACINE_ESTHER	2	Perse	Persia	Pays	Orient	Asie	32, 53	http://www.geonames.org/130758		Racine, Jean	Esther	Tragédie	1689	80	1689	80	http://dramacode.github.io/tcp5/racine_esther.xml	https://catalogue.bnf.fr/ark:/12148/cb31169205c	http://gallica.bnf.fr/ark:/12148/bpt6k704146
RACINE_ESTHER	1	Euphrate	Euphrates	Fleuve	Orient	Asie	34.606583632, 41.3596819651	https://pleiades.stoa.org/places/912849		Racine, Jean	Esther	Tragédie	1689	80	1689	80	http://dramacode.github.io/tcp5/racine_esther.xml	https://catalogue.bnf.fr/ark:/12148/cb31169205c	http://gallica.bnf.fr/ark:/12148/bpt6k704146
RACINE_ESTHER	1	Babylone	Babylon	Ville	Orient	Asie	32.5387834636, 44.4236176449	https://pleiades.stoa.org/places/893951		Racine, Jean	Esther	Tragédie	1689	80	1689	80	http://dramacode.github.io/tcp5/racine_esther.xml	https://catalogue.bnf.fr/ark:/12148/cb31169205c	http://gallica.bnf.fr/ark:/12148/bpt6k704146
RACINE_ESTHER	1	Liban	Lebanon	Pays	Levant	Asie	33.83333, 35.83333	http://www.geonames.org/272103		Racine, Jean	Esther	Tragédie	1689	80	1689	80	http://dramacode.github.io/tcp5/racine_esther.xml	https://catalogue.bnf.fr/ark:/12148/cb31169205c	http://gallica.bnf.fr/ark:/12148/bpt6k704146
																			
RACINE_IPHIGENIE	20	Troie	Troy	Ville	Anatolie	Asie	39.9574327844, 26.2384586227	https://pleiades.stoa.org/places/550595		Racine, Jean	Iphigénie	Tragédie	1674	70	1674	70	http://dramacode.github.io/tcp5/racine_iphigenie.xml	https://catalogue.bnf.fr/ark:/12148/cb31169276w	https://gallica.bnf.fr/ark:/12148/bpt6k70413v
RACINE_IPHIGENIE	5	Ilion	Troy	Ville	Anatolie	Asie	39.9574327844, 26.2384586227	https://pleiades.stoa.org/places/550595		Racine, Jean	Iphigénie	Tragédie	1674	70	1674	70	http://dramacode.github.io/tcp5/racine_iphigenie.xml	https://catalogue.bnf.fr/ark:/12148/cb31169276w	https://gallica.bnf.fr/ark:/12148/bpt6k70413v
RACINE_IPHIGENIE	5	Asie	Asia	Continent		Asie	29.84064, 89.29688	http://www.geonames.org/6255147		Racine, Jean	Iphigénie	Tragédie	1674	70	1674	70	http://dramacode.github.io/tcp5/racine_iphigenie.xml	https://catalogue.bnf.fr/ark:/12148/cb31169276w	https://gallica.bnf.fr/ark:/12148/bpt6k70413v
RACINE_IPHIGENIE	13	Grèce	Greece	Pays	Grèce	Europe	39, 22	http://www.geonames.org/390903		Racine, Jean	Iphigénie	Tragédie	1674	70	1674	70	http://dramacode.github.io/tcp5/racine_iphigenie.xml	https://catalogue.bnf.fr/ark:/12148/cb31169276w	https://gallica.bnf.fr/ark:/12148/bpt6k70413v
RACINE_IPHIGENIE	8	Argos	Argos	Ville	Grèce	Europe	37.631561, 22.719464	https://pleiades.stoa.org/places/570106		Racine, Jean	Iphigénie	Tragédie	1674	70	1674	70	http://dramacode.github.io/tcp5/racine_iphigenie.xml	https://catalogue.bnf.fr/ark:/12148/cb31169276w	https://gallica.bnf.fr/ark:/12148/bpt6k70413v
RACINE_IPHIGENIE	3	Sparte	Sparta	Ville	Grèce	Europe	37.077905, 22.4272985	https://pleiades.stoa.org/places/570685		Racine, Jean	Iphigénie	Tragédie	1674	70	1674	70	http://dramacode.github.io/tcp5/racine_iphigenie.xml	https://catalogue.bnf.fr/ark:/12148/cb31169276w	https://gallica.bnf.fr/ark:/12148/bpt6k70413v
RACINE_IPHIGENIE	6	Mycènes	Mycenae	Ville	Grèce	Europe	37.7300345711, 22.7540710459	https://pleiades.stoa.org/places/570491		Racine, Jean	Iphigénie	Tragédie	1674	70	1674	70	http://dramacode.github.io/tcp5/racine_iphigenie.xml	https://catalogue.bnf.fr/ark:/12148/cb31169276w	https://gallica.bnf.fr/ark:/12148/bpt6k70413v
RACINE_IPHIGENIE	11	Lesbos	Lesbos	Île	Grèce	Europe	39.2074811, 26.1342123	https://pleiades.stoa.org/places/550696		Racine, Jean	Iphigénie	Tragédie	1674	70	1674	70	http://dramacode.github.io/tcp5/racine_iphigenie.xml	https://catalogue.bnf.fr/ark:/12148/cb31169276w	https://gallica.bnf.fr/ark:/12148/bpt6k70413v
RACINE_IPHIGENIE	2	Thessalie	Thessalia/Thessaly	Région	Grèce	Europe	37.5, 22.5	https://pleiades.stoa.org/places/991374		Racine, Jean	Iphigénie	Tragédie	1674	70	1674	70	http://dramacode.github.io/tcp5/racine_iphigenie.xml	https://catalogue.bnf.fr/ark:/12148/cb31169276w	https://gallica.bnf.fr/ark:/12148/bpt6k70413v
RACINE_IPHIGENIE	1	mer Égée	Aegean Sea	Mer	Grèce	Europe	37.4126570185, 25.8014773544	https://pleiades.stoa.org/places/560221		Racine, Jean	Iphigénie	Tragédie	1674	70	1674	70	http://dramacode.github.io/tcp5/racine_iphigenie.xml	https://catalogue.bnf.fr/ark:/12148/cb31169276w	https://gallica.bnf.fr/ark:/12148/bpt6k70413v
RACINE_IPHIGENIE	1	Hellespont	Hellespont	Mer	Grèce	Europe	40.2, 26.4	https://pleiades.stoa.org/places/501434		Racine, Jean	Iphigénie	Tragédie	1674	70	1674	70	http://dramacode.github.io/tcp5/racine_iphigenie.xml	https://catalogue.bnf.fr/ark:/12148/cb31169276w	https://gallica.bnf.fr/ark:/12148/bpt6k70413v
RACINE_IPHIGENIE	1	Europe	Europa	Continent		Europe	48.69096, 9.14062	http://www.geonames.org/6255148		Racine, Jean	Iphigénie	Tragédie	1674	70	1674	70	http://dramacode.github.io/tcp5/racine_iphigenie.xml	https://catalogue.bnf.fr/ark:/12148/cb31169276w	https://gallica.bnf.fr/ark:/12148/bpt6k70413v
																			
RACINE_PHEDRE	1	Corinthe	Corinth	Ville	Grèce	Europe	37.8980016198, 22.8999795422	https://pleiades.stoa.org/places/570182		Racine, Jean	Phèdre	Tragédie	1677	70	1677	70	http://dramacode.github.io/tcp5/racine_phedre.xml	https://catalogue.bnf.fr/ark:/12148/cb31169345w	https://gallica.bnf.fr/ark:/12148/btv1b8610817v
RACINE_PHEDRE	2	Achéron	Acheron	Fleuve	Grèce	Europe	39.2348296, 20.4831346	https://pleiades.stoa.org/places/530769		Racine, Jean	Phèdre	Tragédie	1677	70	1677	70	http://dramacode.github.io/tcp5/racine_phedre.xml	https://catalogue.bnf.fr/ark:/12148/cb31169345w	https://gallica.bnf.fr/ark:/12148/btv1b8610817v
RACINE_PHEDRE	1	Élide	Elis	Région	Grèce	Europe	37.75, 21.25	https://pleiades.stoa.org/places/570221		Racine, Jean	Phèdre	Tragédie	1677	70	1677	70	http://dramacode.github.io/tcp5/racine_phedre.xml	https://catalogue.bnf.fr/ark:/12148/cb31169345w	https://gallica.bnf.fr/ark:/12148/btv1b8610817v
RACINE_PHEDRE	1	Ténare	Cape Matapan	Cap	Grèce	Europe	36.5306726123, 22.5982376992	https://pleiades.stoa.org/places/570703		Racine, Jean	Phèdre	Tragédie	1677	70	1677	70	http://dramacode.github.io/tcp5/racine_phedre.xml	https://catalogue.bnf.fr/ark:/12148/cb31169345w	https://gallica.bnf.fr/ark:/12148/btv1b8610817v
RACINE_PHEDRE	13	Athènes	Athens	Ville	Grèce	Europe	37.9728191495, 23.7237438519	https://pleiades.stoa.org/places/579885		Racine, Jean	Phèdre	Tragédie	1677	70	1677	70	http://dramacode.github.io/tcp5/racine_phedre.xml	https://catalogue.bnf.fr/ark:/12148/cb31169345w	https://gallica.bnf.fr/ark:/12148/btv1b8610817v
RACINE_PHEDRE	1	Épidaure	Epidaurus	Ville	Grèce	Europe	37.6334625, 23.16015635	https://pleiades.stoa.org/places/570228		Racine, Jean	Phèdre	Tragédie	1677	70	1677	70	http://dramacode.github.io/tcp5/racine_phedre.xml	https://catalogue.bnf.fr/ark:/12148/cb31169345w	https://gallica.bnf.fr/ark:/12148/btv1b8610817v
RACINE_PHEDRE	4	Crète	Creta	Pays	Grèce	Europe	35.0627201667, 24.9469437222	https://pleiades.stoa.org/places/981517		Racine, Jean	Phèdre	Tragédie	1677	70	1677	70	http://dramacode.github.io/tcp5/racine_phedre.xml	https://catalogue.bnf.fr/ark:/12148/cb31169345w	https://gallica.bnf.fr/ark:/12148/btv1b8610817v
RACINE_PHEDRE	2	Sparte	Sparta	Ville	Grèce	Europe	37.077905, 22.4272985	https://pleiades.stoa.org/places/570685		Racine, Jean	Phèdre	Tragédie	1677	70	1677	70	http://dramacode.github.io/tcp5/racine_phedre.xml	https://catalogue.bnf.fr/ark:/12148/cb31169345w	https://gallica.bnf.fr/ark:/12148/btv1b8610817v
RACINE_PHEDRE	1	Salamine	Salamis Island	Île	Grèce	Europe	37.93, 23.51	https://pleiades.stoa.org/places/580101		Racine, Jean	Phèdre	Tragédie	1677	70	1677	70	http://dramacode.github.io/tcp5/racine_phedre.xml	https://catalogue.bnf.fr/ark:/12148/cb31169345w	https://gallica.bnf.fr/ark:/12148/btv1b8610817v
RACINE_PHEDRE	6	Grèce	Greece	Pays	Grèce	Europe	39, 22	http://www.geonames.org/390903		Racine, Jean	Phèdre	Tragédie	1677	70	1677	70	http://dramacode.github.io/tcp5/racine_phedre.xml	https://catalogue.bnf.fr/ark:/12148/cb31169345w	https://gallica.bnf.fr/ark:/12148/btv1b8610817v
RACINE_PHEDRE	1	Cocyte	Cocytus	Fleuve	Enfers	Autre		https://en.wikipedia.org/wiki/Cocytus		Racine, Jean	Phèdre	Tragédie	1677	70	1677	70	http://dramacode.github.io/tcp5/racine_phedre.xml	https://catalogue.bnf.fr/ark:/12148/cb31169345w	https://gallica.bnf.fr/ark:/12148/btv1b8610817v
RACINE_PHEDRE	3	Épire	Epirus	Région	Grèce	Europe	39.5771060055, 20.589832047	https://pleiades.stoa.org/places/530871		Racine, Jean	Phèdre	Tragédie	1677	70	1677	70	http://dramacode.github.io/tcp5/racine_phedre.xml	https://catalogue.bnf.fr/ark:/12148/cb31169345w	https://gallica.bnf.fr/ark:/12148/btv1b8610817v
RACINE_PHEDRE	1	Olympe	Olympus	Montagne	Grèce	Europe	40.085556, 22.358611	https://pleiades.stoa.org/places/491677		Racine, Jean	Phèdre	Tragédie	1677	70	1677	70	http://dramacode.github.io/tcp5/racine_phedre.xml	https://catalogue.bnf.fr/ark:/12148/cb31169345w	https://gallica.bnf.fr/ark:/12148/btv1b8610817v
RACINE_PHEDRE	1	Argos	Argos	Ville	Grèce	Europe	37.631561, 22.719464	https://pleiades.stoa.org/places/570106		Racine, Jean	Phèdre	Tragédie	1677	70	1677	70	http://dramacode.github.io/tcp5/racine_phedre.xml	https://catalogue.bnf.fr/ark:/12148/cb31169345w	https://gallica.bnf.fr/ark:/12148/btv1b8610817v
RACINE_PHEDRE	1	Mycènes	Mycenae	Ville	Grèce	Europe	37.7300345711, 22.7540710459	https://pleiades.stoa.org/places/570491		Racine, Jean	Phèdre	Tragédie	1677	70	1677	70	http://dramacode.github.io/tcp5/racine_phedre.xml	https://catalogue.bnf.fr/ark:/12148/cb31169345w	https://gallica.bnf.fr/ark:/12148/btv1b8610817v
																			
ROTROU_COSROES	16	Perse	Persia	Pays	Orient	Asie	32, 53	http://www.geonames.org/130758		Rotrou, Jean de	Cosroès	Tragédie	1648	40	1649	40	http://dramacode.github.io/tcp5/rotrou_cosroes.xml	https://catalogue.bnf.fr/ark:/12148/cb31251874w	https://gallica.bnf.fr/ark:/12148/btv1b8622110f
ROTROU_COSROES	1	Europe	Europa	Continent		Europe	48.69096, 9.14062	http://www.geonames.org/6255148		Rotrou, Jean de	Cosroès	Tragédie	1648	40	1649	40	http://dramacode.github.io/tcp5/rotrou_cosroes.xml	https://catalogue.bnf.fr/ark:/12148/cb31251874w	https://gallica.bnf.fr/ark:/12148/btv1b8622110f
ROTROU_COSROES	1	Persépolis	Persepolis	Ville	Orient	Asie	29.9353403333, 52.889437	https://pleiades.stoa.org/places/922695		Rotrou, Jean de	Cosroès	Tragédie	1648	40	1649	40	http://dramacode.github.io/tcp5/rotrou_cosroes.xml	https://catalogue.bnf.fr/ark:/12148/cb31251874w	https://gallica.bnf.fr/ark:/12148/btv1b8622110f
ROTROU_COSROES	1	Arménie	Armenia	Pays	Arménie	Asie	39.25, 38.25	https://pleiades.stoa.org/places/628936	Attention: Armenia minor	Rotrou, Jean de	Cosroès	Tragédie	1648	40	1649	40	http://dramacode.github.io/tcp5/rotrou_cosroes.xml	https://catalogue.bnf.fr/ark:/12148/cb31251874w	https://gallica.bnf.fr/ark:/12148/btv1b8622110f
ROTROU_COSROES	1	Asie	Asia	Continent		Asie	29.84064, 89.29688	http://www.geonames.org/6255147		Rotrou, Jean de	Cosroès	Tragédie	1648	40	1649	40	http://dramacode.github.io/tcp5/rotrou_cosroes.xml	https://catalogue.bnf.fr/ark:/12148/cb31251874w	https://gallica.bnf.fr/ark:/12148/btv1b8622110f
																			
ROTROU_DEUXPUCELLES	2	Cythère	Cythera	Île	Grèce	Europe	36.2400122314, 22.9829428015	https://pleiades.stoa.org/places/570186		Rotrou, Jean de	Les Deux Pucelles	Tragi-comédie			1639	30	http://www.theatre-classique.fr/pages/programmes/edition.php?t=../documents/ROTROU_DEUXPUCELLES.xml		
ROTROU_DEUXPUCELLES	1	Tibre	Tiber	Fleuve	Italie	Europe	41.74032, 12.23371	http://www.geonames.org/3165709		Rotrou, Jean de	Les Deux Pucelles	Tragi-comédie			1639	30	http://www.theatre-classique.fr/pages/programmes/edition.php?t=../documents/ROTROU_DEUXPUCELLES.xml		
ROTROU_DEUXPUCELLES	1	Olympe	Olympus	Montagne	Grèce	Europe	40.085556, 22.358611	https://pleiades.stoa.org/places/491677		Rotrou, Jean de	Les Deux Pucelles	Tragi-comédie			1639	30	http://www.theatre-classique.fr/pages/programmes/edition.php?t=../documents/ROTROU_DEUXPUCELLES.xml		
ROTROU_DEUXPUCELLES	11	Séville	Seville	Ville	Péninsule Ibérique	Europe	37.38283, -5.97317	http://www.geonames.org/2510911		Rotrou, Jean de	Les Deux Pucelles	Tragi-comédie			1639	30	http://www.theatre-classique.fr/pages/programmes/edition.php?t=../documents/ROTROU_DEUXPUCELLES.xml		
ROTROU_DEUXPUCELLES	2	Salamanque	Salamanca	Ville	Péninsule Ibérique	Europe	40.96882, -5.66388	http://www.geonames.org/3111108		Rotrou, Jean de	Les Deux Pucelles	Tragi-comédie			1639	30	http://www.theatre-classique.fr/pages/programmes/edition.php?t=../documents/ROTROU_DEUXPUCELLES.xml		
ROTROU_DEUXPUCELLES	1	Italie	Italy	Pays	Italie	Europe	42.83333, 12.83333	http://www.geonames.org/3175395		Rotrou, Jean de	Les Deux Pucelles	Tragi-comédie			1639	30	http://www.theatre-classique.fr/pages/programmes/edition.php?t=../documents/ROTROU_DEUXPUCELLES.xml		
ROTROU_DEUXPUCELLES	1	Rome	Roma	Ville	Italie	Europe	41.89193, 12.51133	http://www.geonames.org/3169070		Rotrou, Jean de	Les Deux Pucelles	Tragi-comédie			1639	30	http://www.theatre-classique.fr/pages/programmes/edition.php?t=../documents/ROTROU_DEUXPUCELLES.xml		
ROTROU_DEUXPUCELLES	1	Paphe	Paphos	Ville	Grèce	Europe	34.757212, 32.406593	https://pleiades.stoa.org/places/707586		Rotrou, Jean de	Les Deux Pucelles	Tragi-comédie			1639	30	http://www.theatre-classique.fr/pages/programmes/edition.php?t=../documents/ROTROU_DEUXPUCELLES.xml		
ROTROU_DEUXPUCELLES	1	Espagne	Spain	Pays	Péninsule Ibérique	Europe	40, -4	http://www.geonames.org/2510769		Rotrou, Jean de	Les Deux Pucelles	Tragi-comédie			1639	30	http://www.theatre-classique.fr/pages/programmes/edition.php?t=../documents/ROTROU_DEUXPUCELLES.xml		
																			
ROTROU_DOMBERNARDDECABRERE	9	Aragon	Aragon	Région	Péninsule Ibérique	Europe	41.5, -0.66667	http://www.geonames.org/3336899		Rotrou, Jean de	Don Bernard de Cabrère	Tragi-comédie	1646	40	1647	40	http://dramacode.github.io/tcp5/rotrou_dombernarddecabrere.xml		
ROTROU_DOMBERNARDDECABRERE	5	Sardaigne	Sardinia	Île	Italie	Europe	40, 9	http://www.geonames.org/2523227		Rotrou, Jean de	Don Bernard de Cabrère	Tragi-comédie	1646	40	1647	40	http://dramacode.github.io/tcp5/rotrou_dombernarddecabrere.xml		
ROTROU_DOMBERNARDDECABRERE	1	Saragosse	Zaragoza	Ville	Péninsule Ibérique	Europe	41.65606, -0.87734	http://www.geonames.org/3104324		Rotrou, Jean de	Don Bernard de Cabrère	Tragi-comédie	1646	40	1647	40	http://dramacode.github.io/tcp5/rotrou_dombernarddecabrere.xml		
ROTROU_DOMBERNARDDECABRERE	1	Europe	Europa	Continent		Europe	48.69096, 9.14062	http://www.geonames.org/6255148		Rotrou, Jean de	Don Bernard de Cabrère	Tragi-comédie	1646	40	1647	40	http://dramacode.github.io/tcp5/rotrou_dombernarddecabrere.xml		
ROTROU_DOMBERNARDDECABRERE	1	Ossone	Ossona	Ville	Italie	Europe	45.50708, 8.89314	http://www.geonames.org/3171811		Rotrou, Jean de	Don Bernard de Cabrère	Tragi-comédie	1646	40	1647	40	http://dramacode.github.io/tcp5/rotrou_dombernarddecabrere.xml		
ROTROU_DOMBERNARDDECABRERE	1	Moncade	Montcada i Reixac	Ville	Péninsule Ibérique	Europe	41.48333, 2.18333	http://www.geonames.org/3116527		Rotrou, Jean de	Don Bernard de Cabrère	Tragi-comédie	1646	40	1647	40	http://dramacode.github.io/tcp5/rotrou_dombernarddecabrere.xml		
ROTROU_DOMBERNARDDECABRERE	1	Ribagorce	Ribagorza	Région	Péninsule Ibérique	Europe	42.25, 0.5	http://www.geonames.org/3111843		Rotrou, Jean de	Don Bernard de Cabrère	Tragi-comédie	1646	40	1647	40	http://dramacode.github.io/tcp5/rotrou_dombernarddecabrere.xml		
ROTROU_DOMBERNARDDECABRERE	1	Sassaris	Sassari	Ville	Italie	Europe	40.72586, 8.55552	http://www.geonames.org/3167096		Rotrou, Jean de	Don Bernard de Cabrère	Tragi-comédie	1646	40	1647	40	http://dramacode.github.io/tcp5/rotrou_dombernarddecabrere.xml		
ROTROU_DOMBERNARDDECABRERE	1	Sora	Sora	Ville	Italie	Europe	41.71829, 13.61356	http://www.geonames.org/3166387		Rotrou, Jean de	Don Bernard de Cabrère	Tragi-comédie	1646	40	1647	40	http://dramacode.github.io/tcp5/rotrou_dombernarddecabrere.xml		
ROTROU_DOMBERNARDDECABRERE	3	Vas	Besalú	Ville	Péninsule Ibérique	Europe	42.20187, 2.69748	http://www.geonames.org/6534017	https://ca.wikipedia.org/wiki/Vescomtat_de_Bas	Rotrou, Jean de	Don Bernard de Cabrère	Tragi-comédie	1646	40	1647	40	http://dramacode.github.io/tcp5/rotrou_dombernarddecabrere.xml		
ROTROU_DOMBERNARDDECABRERE	1	Modique	Modica	Ville	Italie	Europe	36.85868, 14.75966	http://www.geonames.org/2524119/		Rotrou, Jean de	Don Bernard de Cabrère	Tragi-comédie	1646	40	1647	40	http://dramacode.github.io/tcp5/rotrou_dombernarddecabrere.xml		
ROTROU_DOMBERNARDDECABRERE	1	Murcie	Murcia	Région	Péninsule Ibérique	Europe	38, -1.5	http://www.geonames.org/2513413		Rotrou, Jean de	Don Bernard de Cabrère	Tragi-comédie	1646	40	1647	40	http://dramacode.github.io/tcp5/rotrou_dombernarddecabrere.xml		
ROTROU_DOMBERNARDDECABRERE	1	Leon	León	Région	Péninsule Ibérique	Europe	42.66667, -6	http://www.geonames.org/3118528		Rotrou, Jean de		Tragi-comédie	1646	40	1647	40	http://dramacode.github.io/tcp5/rotrou_dombernarddecabrere.xml		
																			
ROTROU_HERCULEMOURANT	2	Oetolie	Aetolia	Région	Grèce	Europe	38.5079025133, 21.7425252978	https://pleiades.stoa.org/places/540591		Rotrou, Jean de	Hercule mourant	Tragédie	1634	30	1636	30	http://dramacode.github.io/tcp5/rotrou_herculemourant.xml	https://catalogue.bnf.fr/ark:/12148/cb312518904	https://gallica.bnf.fr/ark:/12148/bpt6k72394w
ROTROU_HERCULEMOURANT	3	Némée	Nemea	Ville	Grèce	Europe	37.808904, 22.7108171	https://pleiades.stoa.org/places/570504		Rotrou, Jean de	Hercule mourant	Tragédie	1634	30	1636	30	http://dramacode.github.io/tcp5/rotrou_herculemourant.xml	https://catalogue.bnf.fr/ark:/12148/cb312518904	https://gallica.bnf.fr/ark:/12148/bpt6k72394w
ROTROU_HERCULEMOURANT	1	Afrique	Africa	Continent		Afrique	32.5, 7.5	https://pleiades.stoa.org/places/775		Rotrou, Jean de	Hercule mourant	Tragédie	1634	30	1636	30	http://dramacode.github.io/tcp5/rotrou_herculemourant.xml	https://catalogue.bnf.fr/ark:/12148/cb312518904	https://gallica.bnf.fr/ark:/12148/bpt6k72394w
ROTROU_HERCULEMOURANT	1	AEgée	Aegae	Ville	Anatolie	Asie	36.769676, 35.789487	https://pleiades.stoa.org/places/658368		Rotrou, Jean de	Hercule mourant	Tragédie	1634	30	1636	30	http://dramacode.github.io/tcp5/rotrou_herculemourant.xml	https://catalogue.bnf.fr/ark:/12148/cb312518904	https://gallica.bnf.fr/ark:/12148/bpt6k72394w
ROTROU_HERCULEMOURANT	1	Argos	Argos	Ville	Grèce	Europe	37.631561, 22.719464	https://pleiades.stoa.org/places/570106		Rotrou, Jean de	Hercule mourant	Tragédie	1634	30	1636	30	http://dramacode.github.io/tcp5/rotrou_herculemourant.xml	https://catalogue.bnf.fr/ark:/12148/cb312518904	https://gallica.bnf.fr/ark:/12148/bpt6k72394w
ROTROU_HERCULEMOURANT	2	Thessalie	Thessalia/Thessaly	Région	Grèce	Europe	37.5, 22.5	https://pleiades.stoa.org/places/991374		Rotrou, Jean de	Hercule mourant	Tragédie	1634	30	1636	30	http://dramacode.github.io/tcp5/rotrou_herculemourant.xml	https://catalogue.bnf.fr/ark:/12148/cb312518904	https://gallica.bnf.fr/ark:/12148/bpt6k72394w
ROTROU_HERCULEMOURANT	1	Pelion	Pelion	Montagne	Grèce	Europe	39.25, 23.25	https://pleiades.stoa.org/places/541021		Rotrou, Jean de	Hercule mourant	Tragédie	1634	30	1636	30	http://dramacode.github.io/tcp5/rotrou_herculemourant.xml	https://catalogue.bnf.fr/ark:/12148/cb312518904	https://gallica.bnf.fr/ark:/12148/bpt6k72394w
ROTROU_HERCULEMOURANT	1	Olympe	Olympus	Montagne	Grèce	Europe	40.085556, 22.358611	https://pleiades.stoa.org/places/491677		Rotrou, Jean de	Hercule mourant	Tragédie	1634	30	1636	30	http://dramacode.github.io/tcp5/rotrou_herculemourant.xml	https://catalogue.bnf.fr/ark:/12148/cb312518904	https://gallica.bnf.fr/ark:/12148/bpt6k72394w
ROTROU_HERCULEMOURANT	1	Osse	Ossa	Montagne	Grèce	Europe	39.7957751, 22.6851958	https://pleiades.stoa.org/places/540993		Rotrou, Jean de	Hercule mourant	Tragédie	1634	30	1636	30	http://dramacode.github.io/tcp5/rotrou_herculemourant.xml	https://catalogue.bnf.fr/ark:/12148/cb312518904	https://gallica.bnf.fr/ark:/12148/bpt6k72394w
ROTROU_HERCULEMOURANT	1	Averne	Avernus	Lac	Italie	Europe	40.838333, 14.075	https://pleiades.stoa.org/places/432712		Rotrou, Jean de	Hercule mourant	Tragédie	1634	30	1636	30	http://dramacode.github.io/tcp5/rotrou_herculemourant.xml	https://catalogue.bnf.fr/ark:/12148/cb312518904	https://gallica.bnf.fr/ark:/12148/bpt6k72394w
ROTROU_HERCULEMOURANT	1	Lerne	Lerna	Ville	Grèce	Europe	37.5512409, 22.7183258	https://pleiades.stoa.org/places/570424		Rotrou, Jean de	Hercule mourant	Tragédie	1634	30	1636	30	http://dramacode.github.io/tcp5/rotrou_herculemourant.xml	https://catalogue.bnf.fr/ark:/12148/cb312518904	https://gallica.bnf.fr/ark:/12148/bpt6k72394w
ROTROU_HERCULEMOURANT	2	Erèbe	Erebus		Enfers	Autre				Rotrou, Jean de	Hercule mourant	Tragédie	1634	30	1636	30	http://dramacode.github.io/tcp5/rotrou_herculemourant.xml	https://catalogue.bnf.fr/ark:/12148/cb312518904	https://gallica.bnf.fr/ark:/12148/bpt6k72394w
ROTROU_HERCULEMOURANT	1	Pénée	Pineios	Fleuve	Grèce	Europe	37.75, 21.25	https://pleiades.stoa.org/places/570579		Rotrou, Jean de	Hercule mourant	Tragédie	1634	30	1636	30	http://dramacode.github.io/tcp5/rotrou_herculemourant.xml	https://catalogue.bnf.fr/ark:/12148/cb312518904	https://gallica.bnf.fr/ark:/12148/bpt6k72394w
																			
SCARRON_DOMJAPHETDARMENIE	6	Madrid	Madrid	Ville	Péninsule Ibérique	Europe	40.4165, -3.70256	http://www.geonames.org/3117735		Scarron, Paul	Don Japhet d’Arménie	Comédie	1647	50	1653	50	http://dramacode.github.io/tcp5/scarron_domjaphetdarmenie.xml	https://catalogue.bnf.fr/ark:/12148/cb313084409	https://gallica.bnf.fr/ark:/12148/bpt6k70326x
SCARRON_DOMJAPHETDARMENIE	8	Séville	Seville	Ville	Péninsule Ibérique	Europe	37.38283, -5.97317	http://www.geonames.org/2510911		Scarron, Paul	Don Japhet d’Arménie	Comédie	1647	50	1653	50	http://dramacode.github.io/tcp5/scarron_domjaphetdarmenie.xml	https://catalogue.bnf.fr/ark:/12148/cb313084409	https://gallica.bnf.fr/ark:/12148/bpt6k70326x
SCARRON_DOMJAPHETDARMENIE	7	Arménie	Armenia	Pays	Arménie	Asie	40, 45	http://www.geonames.org/145495		Scarron, Paul	Don Japhet d’Arménie	Comédie	1647	50	1653	50	http://dramacode.github.io/tcp5/scarron_domjaphetdarmenie.xml	https://catalogue.bnf.fr/ark:/12148/cb313084409	https://gallica.bnf.fr/ark:/12148/bpt6k70326x
SCARRON_DOMJAPHETDARMENIE	3	Espagne	Spain	Pays	Péninsule Ibérique	Europe	40, -4	http://www.geonames.org/2510769		Scarron, Paul	Don Japhet d’Arménie	Comédie	1647	50	1653	50	http://dramacode.github.io/tcp5/scarron_domjaphetdarmenie.xml	https://catalogue.bnf.fr/ark:/12148/cb313084409	https://gallica.bnf.fr/ark:/12148/bpt6k70326x
SCARRON_DOMJAPHETDARMENIE	2	Chicuchiquizèque			Fiction	Autre					Don Japhet d’Arménie	Comédie	1647	50	1653	50	http://dramacode.github.io/tcp5/scarron_domjaphetdarmenie.xml	https://catalogue.bnf.fr/ark:/12148/cb313084409	https://gallica.bnf.fr/ark:/12148/bpt6k70326x
SCARRON_DOMJAPHETDARMENIE	2	Almodobar	Almodóvar del Campo	Ville	Péninsule Ibérique	Europe	38.70936, -4.17908	http://www.geonames.org/2521869	Bonne ville?	Scarron, Paul	Don Japhet d’Arménie	Comédie	1647	50	1653	50	http://dramacode.github.io/tcp5/scarron_domjaphetdarmenie.xml	https://catalogue.bnf.fr/ark:/12148/cb313084409	https://gallica.bnf.fr/ark:/12148/bpt6k70326x
SCARRON_DOMJAPHETDARMENIE	3	Pérou	Peru	Pays	Amérique	Amérique	-10, -75.25	http://www.geonames.org/3932488		Scarron, Paul	Don Japhet d’Arménie	Comédie	1647	50	1653	50	http://dramacode.github.io/tcp5/scarron_domjaphetdarmenie.xml	https://catalogue.bnf.fr/ark:/12148/cb313084409	https://gallica.bnf.fr/ark:/12148/bpt6k70326x
SCARRON_DOMJAPHETDARMENIE	1	Calabre	Calabria	Région	Italie	Europe	39, 16.5	http://www.geonames.org/2525468		Scarron, Paul	Don Japhet d’Arménie	Comédie	1647	50	1653	50	http://dramacode.github.io/tcp5/scarron_domjaphetdarmenie.xml	https://catalogue.bnf.fr/ark:/12148/cb313084409	https://gallica.bnf.fr/ark:/12148/bpt6k70326x
SCARRON_DOMJAPHETDARMENIE	1	Portugal	Portugal	Pays	Péninsule Ibérique	Europe	39.6945, -8.13057	http://www.geonames.org/2264397		Scarron, Paul	Don Japhet d’Arménie	Comédie	1647	50	1653	50	http://dramacode.github.io/tcp5/scarron_domjaphetdarmenie.xml	https://catalogue.bnf.fr/ark:/12148/cb313084409	https://gallica.bnf.fr/ark:/12148/bpt6k70326x
SCARRON_DOMJAPHETDARMENIE	1	Miros	PAS TROUVE	Ville	Péninsule Ibérique	Europe	PAS TROUVE	PAS TROUVE		Scarron, Paul	Don Japhet d’Arménie	Comédie	1647	50	1653	50	http://dramacode.github.io/tcp5/scarron_domjaphetdarmenie.xml	https://catalogue.bnf.fr/ark:/12148/cb313084409	https://gallica.bnf.fr/ark:/12148/bpt6k70326x
SCARRON_DOMJAPHETDARMENIE	2	Galice	Galicia	Région	Péninsule Ibérique	Europe	42.75508, -7.86621	http://www.geonames.org/3336902		Scarron, Paul	Don Japhet d’Arménie	Comédie	1647	50	1653	50	http://dramacode.github.io/tcp5/scarron_domjaphetdarmenie.xml	https://catalogue.bnf.fr/ark:/12148/cb313084409	https://gallica.bnf.fr/ark:/12148/bpt6k70326x
SCARRON_DOMJAPHETDARMENIE	2	Rome	Roma	Ville	Italie	Europe	41.89193, 12.51133	http://www.geonames.org/3169070		Scarron, Paul	Don Japhet d’Arménie	Comédie	1647	50	1653	50	http://dramacode.github.io/tcp5/scarron_domjaphetdarmenie.xml	https://catalogue.bnf.fr/ark:/12148/cb313084409	https://gallica.bnf.fr/ark:/12148/bpt6k70326x
SCARRON_DOMJAPHETDARMENIE	3	Tolède	Toledo	Ville	Péninsule Ibérique	Europe	39.8581, -4.02263	http://www.geonames.org/2510409		Scarron, Paul	Don Japhet d’Arménie	Comédie	1647	50	1653	50	http://dramacode.github.io/tcp5/scarron_domjaphetdarmenie.xml	https://catalogue.bnf.fr/ark:/12148/cb313084409	https://gallica.bnf.fr/ark:/12148/bpt6k70326x
SCARRON_DOMJAPHETDARMENIE	1	Angleterre	England	Pays	Grande-Bretagne	Europe	52.16045, -0.70312	http://www.geonames.org/6269131		Scarron, Paul	Don Japhet d’Arménie	Comédie	1647	50	1653	50	http://dramacode.github.io/tcp5/scarron_domjaphetdarmenie.xml	https://catalogue.bnf.fr/ark:/12148/cb313084409	https://gallica.bnf.fr/ark:/12148/bpt6k70326x
SCARRON_DOMJAPHETDARMENIE	1	Japon	Japan	Pays	Extrême-Orient	Asie	35.68536, 139.75309	http://www.geonames.org/1861060		Scarron, Paul	Don Japhet d’Arménie	Comédie	1647	50	1653	50	http://dramacode.github.io/tcp5/scarron_domjaphetdarmenie.xml	https://catalogue.bnf.fr/ark:/12148/cb313084409	https://gallica.bnf.fr/ark:/12148/bpt6k70326x
SCARRON_DOMJAPHETDARMENIE	1	Ithaque	Ithaca	Île	Grèce	Europe	38.44193, 20.638399	https://pleiades.stoa.org/places/530905		Scarron, Paul	Don Japhet d’Arménie	Comédie	1647	50	1653	50	http://dramacode.github.io/tcp5/scarron_domjaphetdarmenie.xml	https://catalogue.bnf.fr/ark:/12148/cb313084409	https://gallica.bnf.fr/ark:/12148/bpt6k70326x
SCARRON_DOMJAPHETDARMENIE	1	Rochesolles			Fiction	Autre				Scarron, Paul	Don Japhet d’Arménie	Comédie	1647	50	1653	50	http://dramacode.github.io/tcp5/scarron_domjaphetdarmenie.xml	https://catalogue.bnf.fr/ark:/12148/cb313084409	https://gallica.bnf.fr/ark:/12148/bpt6k70326x
SCARRON_DOMJAPHETDARMENIE	1	Gaule	Gaula	Région	Fiction	Europe				Scarron, Paul	Don Japhet d’Arménie	Comédie	1647	50	1653	50	http://dramacode.github.io/tcp5/scarron_domjaphetdarmenie.xml	https://catalogue.bnf.fr/ark:/12148/cb313084409	https://gallica.bnf.fr/ark:/12148/bpt6k70326x
SCARRON_DOMJAPHETDARMENIE	1	Castille	Castile	Région	Péninsule Ibérique	Europe	41, -3.5	http://www.geonames.org/3125826		Scarron, Paul	Don Japhet d’Arménie	Comédie	1647	50	1653	50	http://dramacode.github.io/tcp5/scarron_domjaphetdarmenie.xml	https://catalogue.bnf.fr/ark:/12148/cb313084409	https://gallica.bnf.fr/ark:/12148/bpt6k70326x
SCARRON_DOMJAPHETDARMENIE	1	Orillane	Amazon River	Fleuve	Amérique	Amérique	-0.16667, -49	http://www.geonames.org/3407729		Scarron, Paul	Don Japhet d’Arménie	Comédie	1647	50	1653	50	http://dramacode.github.io/tcp5/scarron_domjaphetdarmenie.xml	https://catalogue.bnf.fr/ark:/12148/cb313084409	https://gallica.bnf.fr/ark:/12148/bpt6k70326x
SCARRON_DOMJAPHETDARMENIE	1	Guyane	Guianas	Pays	Amérique	Amérique	4, -56	http://www.geonames.org/3378539		Scarron, Paul	Don Japhet d’Arménie	Comédie	1647	50	1653	50	http://dramacode.github.io/tcp5/scarron_domjaphetdarmenie.xml	https://catalogue.bnf.fr/ark:/12148/cb313084409	https://gallica.bnf.fr/ark:/12148/bpt6k70326x
SCARRON_DOMJAPHETDARMENIE	18	Orgas	Orgaz	Ville	Péninsule Ibérique	Europe	39.64826, -3.87577	http://www.geonames.org/2513081	Ajouter	Scarron, Paul	Don Japhet d’Arménie	Comédie	1647	50	1653	50	http://dramacode.github.io/tcp5/scarron_domjaphetdarmenie.xml	https://catalogue.bnf.fr/ark:/12148/cb313084409	https://gallica.bnf.fr/ark:/12148/bpt6k70326x
SCARRON_DOMJAPHETDARMENIE	1	Allobroge	Allobroges	Pays	France	Europe	45.69480975, 6.259111	https://pleiades.stoa.org/places/167634	Ajouter	Scarron, Paul	Don Japhet d’Arménie	Comédie	1647	50	1653	50	http://dramacode.github.io/tcp5/scarron_domjaphetdarmenie.xml	https://catalogue.bnf.fr/ark:/12148/cb313084409	https://gallica.bnf.fr/ark:/12148/bpt6k70326x
SCARRON_DOMJAPHETDARMENIE	1	Annecy	Annecy	Ville	France	Europe	45.90621, 6.1267	http://www.geonames.org/3037543	Ajouter	Scarron, Paul	Don Japhet d’Arménie	Comédie	1647	50	1653	50	http://dramacode.github.io/tcp5/scarron_domjaphetdarmenie.xml	https://catalogue.bnf.fr/ark:/12148/cb313084409	https://gallica.bnf.fr/ark:/12148/bpt6k70326x
SCARRON_DOMJAPHETDARMENIE	1	Consuegre	Consuegra	Ville	Péninsule Ibérique	Europe	39.46246, -3.608	http://www.geonames.org/2519277	Ajouter	Scarron, Paul	Don Japhet d’Arménie	Comédie	1647	50	1653	50	http://dramacode.github.io/tcp5/scarron_domjaphetdarmenie.xml	https://catalogue.bnf.fr/ark:/12148/cb313084409	https://gallica.bnf.fr/ark:/12148/bpt6k70326x
																			
SCARRON_ECOLIERDESALAMANQUE	9	Tolède	Toledo	Ville	Péninsule Ibérique	Europe	39.8581, -4.02263	http://www.geonames.org/2510409		Scarron, Paul	L’Escolier de Salamanque	Tragi-comédie	1654	50	1655	50	http://dramacode.github.io/tcp5/scarron_ecolierdesalamanque.xml	https://catalogue.bnf.fr/ark:/12148/cb313084529	https://gallica.bnf.fr/ark:/12148/bpt6k841852
SCARRON_ECOLIERDESALAMANQUE	2	Madrid	Madrid	Ville	Péninsule Ibérique	Europe	40.4165, -3.70256	http://www.geonames.org/3117735		Scarron, Paul	L’Escolier de Salamanque	Tragi-comédie	1654	50	1655	50	http://dramacode.github.io/tcp5/scarron_ecolierdesalamanque.xml	https://catalogue.bnf.fr/ark:/12148/cb313084529	https://gallica.bnf.fr/ark:/12148/bpt6k841852
SCARRON_ECOLIERDESALAMANQUE	5	Salamanque	Salamanca	Ville	Péninsule Ibérique	Europe	40.96882, -5.66388	http://www.geonames.org/3111108		Scarron, Paul	L’Escolier de Salamanque	Tragi-comédie	1654	50	1655	50	http://dramacode.github.io/tcp5/scarron_ecolierdesalamanque.xml	https://catalogue.bnf.fr/ark:/12148/cb313084529	https://gallica.bnf.fr/ark:/12148/bpt6k841852
SCARRON_ECOLIERDESALAMANQUE	1	Rome	Roma	Ville	Italie	Europe	41.89193, 12.51133	http://www.geonames.org/3169070		Scarron, Paul	L’Escolier de Salamanque	Tragi-comédie	1654	50	1655	50	http://dramacode.github.io/tcp5/scarron_ecolierdesalamanque.xml	https://catalogue.bnf.fr/ark:/12148/cb313084529	https://gallica.bnf.fr/ark:/12148/bpt6k841852
SCARRON_ECOLIERDESALAMANQUE	3	Espagne	Spain	Pays	Péninsule Ibérique	Europe	40, -4	http://www.geonames.org/2510769		Scarron, Paul	L’Escolier de Salamanque	Tragi-comédie	1654	50	1655	50	http://dramacode.github.io/tcp5/scarron_ecolierdesalamanque.xml	https://catalogue.bnf.fr/ark:/12148/cb313084529	https://gallica.bnf.fr/ark:/12148/bpt6k841852
SCARRON_ECOLIERDESALAMANQUE	1	France	France	Pays	France	Europe	46, 2	http://www.geonames.org/3017382		Scarron, Paul	L’Escolier de Salamanque	Tragi-comédie	1654	50	1655	50	http://dramacode.github.io/tcp5/scarron_ecolierdesalamanque.xml	https://catalogue.bnf.fr/ark:/12148/cb313084529	https://gallica.bnf.fr/ark:/12148/bpt6k841852
SCARRON_ECOLIERDESALAMANQUE	1	Burgos	Burgos	Ville	Péninsule Ibérique	Europe	42.34106, -3.70184	http://www.geonames.org/3127461		Scarron, Paul	L’Escolier de Salamanque	Tragi-comédie	1654	50	1655	50	http://dramacode.github.io/tcp5/scarron_ecolierdesalamanque.xml	https://catalogue.bnf.fr/ark:/12148/cb313084529	https://gallica.bnf.fr/ark:/12148/bpt6k841852
SCARRON_ECOLIERDESALAMANQUE	1	Conciergerie	Conciergerie	Lieu	France	Europe	48.85588, 2.34685	http://www.geonames.org/6452877		Scarron, Paul	L’Escolier de Salamanque	Tragi-comédie	1654	50	1655	50	http://dramacode.github.io/tcp5/scarron_ecolierdesalamanque.xml	https://catalogue.bnf.fr/ark:/12148/cb313084529	https://gallica.bnf.fr/ark:/12148/bpt6k841852
																			
SCARRON_FAUSSEAPPARENCE	16	Madrid	Madrid	Ville	Péninsule Ibérique	Europe	40.4165, -3.70256	http://www.geonames.org/3117735		Scarron, Paul	La Fausse apparence	Tragi-comédie	1657	50	1663	60	http://dramacode.github.io/tcp5/scarron_fausseapparence.xml	https://catalogue.bnf.fr/ark:/12148/cb30186316v	https://gallica.bnf.fr/ark:/12148/bpt6k73882h
SCARRON_FAUSSEAPPARENCE	11	Valence	Valencia	Ville	Péninsule Ibérique	Europe	39.46975, -0.37739	http://www.geonames.org/2509954		Scarron, Paul	La Fausse apparence	Tragi-comédie	1657	50	1663	60	http://dramacode.github.io/tcp5/scarron_fausseapparence.xml	https://catalogue.bnf.fr/ark:/12148/cb30186316v	https://gallica.bnf.fr/ark:/12148/bpt6k73882h
SCARRON_FAUSSEAPPARENCE	2	Espagne	Spain	Pays	Péninsule Ibérique	Europe	40, -4	http://www.geonames.org/2510769		Scarron, Paul	La Fausse apparence	Tragi-comédie	1657	50	1663	60	http://dramacode.github.io/tcp5/scarron_fausseapparence.xml	https://catalogue.bnf.fr/ark:/12148/cb30186316v	https://gallica.bnf.fr/ark:/12148/bpt6k73882h
SCARRON_FAUSSEAPPARENCE	1	Andalousie	Andalusia	Région	Péninsule Ibérique	Europe	37.6, -4.5	http://www.geonames.org/2593109		Scarron, Paul	La Fausse apparence	Tragi-comédie	1657	50	1663	60	http://dramacode.github.io/tcp5/scarron_fausseapparence.xml	https://catalogue.bnf.fr/ark:/12148/cb30186316v	https://gallica.bnf.fr/ark:/12148/bpt6k73882h
SCARRON_FAUSSEAPPARENCE	4	Castille	Castile	Région	Péninsule Ibérique	Europe	41, -3.5	http://www.geonames.org/3125826		Scarron, Paul	La Fausse apparence	Tragi-comédie	1657	50	1663	60	http://dramacode.github.io/tcp5/scarron_fausseapparence.xml	https://catalogue.bnf.fr/ark:/12148/cb30186316v	https://gallica.bnf.fr/ark:/12148/bpt6k73882h
SCARRON_FAUSSEAPPARENCE	1	Barcelone	Barcelona	Ville	Péninsule Ibérique	Europe	41.38879, 2.15899	http://www.geonames.org/3128760		Scarron, Paul	La Fausse apparence	Tragi-comédie	1657	50	1663	60	http://dramacode.github.io/tcp5/scarron_fausseapparence.xml	https://catalogue.bnf.fr/ark:/12148/cb30186316v	https://gallica.bnf.fr/ark:/12148/bpt6k73882h
SCARRON_FAUSSEAPPARENCE	2	Lara	Jurisdicción de Lara	Région	Péninsule Ibérique	Europe	42.13896, -3.46111	http://www.geonames.org/6356476	Bonne ville? Pas bonne ID	Scarron, Paul	La Fausse apparence	Tragi-comédie	1657	50	1663	60	http://dramacode.github.io/tcp5/scarron_fausseapparence.xml	https://catalogue.bnf.fr/ark:/12148/cb30186316v	https://gallica.bnf.fr/ark:/12148/bpt6k73882h
SCARRON_FAUSSEAPPARENCE	2	Alve	Alba de Tormes	Ville	Péninsule Ibérique	Europe	40.82922, -5.5085	http://www.geonames.org/6360266		Scarron, Paul	La Fausse apparence	Tragi-comédie	1657	50	1663	60	http://dramacode.github.io/tcp5/scarron_fausseapparence.xml	https://catalogue.bnf.fr/ark:/12148/cb30186316v	https://gallica.bnf.fr/ark:/12148/bpt6k73882h
																			
SCARRON_GARDIENDESOIMEME	13	Naples	Naples	Ville	Italie	Europe	40.85216, 14.26811	http://www.geonames.org/3172394		Scarron, Paul	Le Gardien de soi-même	Comédie			1655	50	http://dramacode.github.io/tcp5/scarron_gardiendesoimeme.xml	https://catalogue.bnf.fr/ark:/12148/cb30186157w	
SCARRON_GARDIENDESOIMEME	20	Sicile	Sicily	Région	Italie	Europe	37.75, 14.25	http://www.geonames.org/2523119		Scarron, Paul	Le Gardien de soi-même	Comédie			1655	50	http://dramacode.github.io/tcp5/scarron_gardiendesoimeme.xml	https://catalogue.bnf.fr/ark:/12148/cb30186157w	
SCARRON_GARDIENDESOIMEME	2	Espagne	Spain	Pays	Péninsule Ibérique	Europe	40, -4	http://www.geonames.org/2510769		Scarron, Paul	Le Gardien de soi-même	Comédie			1655	50	http://dramacode.github.io/tcp5/scarron_gardiendesoimeme.xml	https://catalogue.bnf.fr/ark:/12148/cb30186157w	
SCARRON_GARDIENDESOIMEME	1	Louvre	Louvre	Lieu	France	Europe	48.86102, 2.33587	http://www.geonames.org/2997319		Scarron, Paul	Le Gardien de soi-même	Comédie			1655	50	http://dramacode.github.io/tcp5/scarron_gardiendesoimeme.xml	https://catalogue.bnf.fr/ark:/12148/cb30186157w	
SCARRON_GARDIENDESOIMEME	7	Naple	Naples	Ville	Italie	Europe	40.85216, 14.26811	http://www.geonames.org/3172394		Scarron, Paul	Le Gardien de soi-même	Comédie			1655	50	http://dramacode.github.io/tcp5/scarron_gardiendesoimeme.xml	https://catalogue.bnf.fr/ark:/12148/cb30186157w	
SCARRON_GARDIENDESOIMEME	1	Afrique	Africa	Continent		Afrique	32.5, 7.5	https://pleiades.stoa.org/places/775		Scarron, Paul	Le Gardien de soi-même	Comédie			1655	50	http://dramacode.github.io/tcp5/scarron_gardiendesoimeme.xml	https://catalogue.bnf.fr/ark:/12148/cb30186157w	
SCARRON_GARDIENDESOIMEME	1	Tunis	Tunis	Ville	Afrique	Afrique	36.81897, 10.16579	http://www.geonames.org/2464470		Scarron, Paul	Le Gardien de soi-même	Comédie			1655	50	http://dramacode.github.io/tcp5/scarron_gardiendesoimeme.xml	https://catalogue.bnf.fr/ark:/12148/cb30186157w	
SCARRON_GARDIENDESOIMEME	1	Alger	Algiers	Ville	Afrique	Afrique	36.73225, 3.08746	http://www.geonames.org/2507480		Scarron, Paul	Le Gardien de soi-même	Comédie			1655	50	http://dramacode.github.io/tcp5/scarron_gardiendesoimeme.xml	https://catalogue.bnf.fr/ark:/12148/cb30186157w	
SCARRON_GARDIENDESOIMEME	1	Gaïette	Gaeta	Ville	Italie	Europe	41.21408, 13.57082	http://www.geonames.org/3176438		Scarron, Paul	Le Gardien de soi-même	Comédie			1655	50	http://dramacode.github.io/tcp5/scarron_gardiendesoimeme.xml	https://catalogue.bnf.fr/ark:/12148/cb30186157w	
																			
SCUDERY_MORTDECESAR	4	Tibre	Tiber	Fleuve	Italie	Europe	41.74032, 12.23371	http://www.geonames.org/3165709		Scudéry, Georges de	La Mort de César	Tragédie	1636	30	1637	30	http://dramacode.github.io/tcp5/scudery_mortdecesar.xml	https://catalogue.bnf.fr/ark:/12148/cb313417528	https://gallica.bnf.fr/ark:/12148/bpt6k71623z
SCUDERY_MORTDECESAR	1	Seine	Seine	Fleuve	France	Europe	49.44469, 0.38177	http://www.geonames.org/2975252		Scudéry, Georges de	La Mort de César	Tragédie	1636	30	1637	30	http://dramacode.github.io/tcp5/scudery_mortdecesar.xml	https://catalogue.bnf.fr/ark:/12148/cb313417528	https://gallica.bnf.fr/ark:/12148/bpt6k71623z
SCUDERY_MORTDECESAR	1	Danube	Danube	Fleuve		Europe	45.33333, 29.66667	http://www.geonames.org/791630		Scudéry, Georges de	La Mort de César	Tragédie	1636	30	1637	30	http://dramacode.github.io/tcp5/scudery_mortdecesar.xml	https://catalogue.bnf.fr/ark:/12148/cb313417528	https://gallica.bnf.fr/ark:/12148/bpt6k71623z
SCUDERY_MORTDECESAR	1	Gange	Ganges	Fleuve	Extrême-Orient	Asie	23.36667, 90.53333	http://www.geonames.org/1202950		Scudéry, Georges de	La Mort de César	Tragédie	1636	30	1637	30	http://dramacode.github.io/tcp5/scudery_mortdecesar.xml	https://catalogue.bnf.fr/ark:/12148/cb313417528	https://gallica.bnf.fr/ark:/12148/bpt6k71623z
SCUDERY_MORTDECESAR	12	Rome	Roma	Ville	Italie	Europe	41.891775, 12.486137	https://pleiades.stoa.org/places/423025		Scudéry, Georges de	La Mort de César	Tragédie	1636	30	1637	30	http://dramacode.github.io/tcp5/scudery_mortdecesar.xml	https://catalogue.bnf.fr/ark:/12148/cb313417528	https://gallica.bnf.fr/ark:/12148/bpt6k71623z
SCUDERY_MORTDECESAR	1	Pharsale	Farsala	Ville	Grèce	Europe	39.30915475, 22.3563245	https://pleiades.stoa.org/places/541042		Scudéry, Georges de	La Mort de César	Tragédie	1636	30	1637	30	http://dramacode.github.io/tcp5/scudery_mortdecesar.xml	https://catalogue.bnf.fr/ark:/12148/cb313417528	https://gallica.bnf.fr/ark:/12148/bpt6k71623z
SCUDERY_MORTDECESAR	1	Italie	Italy	Pays	Italie	Europe	42.83333, 12.83333	http://www.geonames.org/3175395		Scudéry, Georges de	La Mort de César	Tragédie	1636	30	1637	30	http://dramacode.github.io/tcp5/scudery_mortdecesar.xml	https://catalogue.bnf.fr/ark:/12148/cb313417528	https://gallica.bnf.fr/ark:/12148/bpt6k71623z
SCUDERY_MORTDECESAR	1	Hircanie	Hyrcania	Région	Orient	Asie	37.1, 56.3	https://pleiades.stoa.org/places/942333		Scudéry, Georges de	La Mort de César	Tragédie	1636	30	1637	30	http://dramacode.github.io/tcp5/scudery_mortdecesar.xml	https://catalogue.bnf.fr/ark:/12148/cb313417528	https://gallica.bnf.fr/ark:/12148/bpt6k71623z
SCUDERY_MORTDECESAR	2	Capitole	Capitoline Hill	Lieu	Italie	Europe	41.8925778, 12.4822154	https://pleiades.stoa.org/places/347036492		Scudéry, Georges de	La Mort de César	Tragédie	1636	30	1637	30	http://dramacode.github.io/tcp5/scudery_mortdecesar.xml	https://catalogue.bnf.fr/ark:/12148/cb313417528	https://gallica.bnf.fr/ark:/12148/bpt6k71623z
SCUDERY_MORTDECESAR	1	Tage	Tagus	Fleuve	Péninsule Ibérique	Europe	38.6764, -9.27933	http://www.geonames.org/2262787		Scudéry, Georges de	La Mort de César	Tragédie	1636	30	1637	30	http://dramacode.github.io/tcp5/scudery_mortdecesar.xml	https://catalogue.bnf.fr/ark:/12148/cb313417528	https://gallica.bnf.fr/ark:/12148/bpt6k71623z
SCUDERY_MORTDECESAR	1	Ostie	Ostia	Ville	Italie	Europe	41.754855, 12.287656	https://pleiades.stoa.org/places/422995		Scudéry, Georges de	La Mort de César	Tragédie	1636	30	1637	30	http://dramacode.github.io/tcp5/scudery_mortdecesar.xml	https://catalogue.bnf.fr/ark:/12148/cb313417528	https://gallica.bnf.fr/ark:/12148/bpt6k71623z
SCUDERY_MORTDECESAR	1	Aventin	Aventine Hill	Lieu	Italie	Europe	41.883333, 12.483333	https://pleiades.stoa.org/places/865014139	Lieu ou montagne?	Scudéry, Georges de	La Mort de César	Tragédie	1636	30	1637	30	http://dramacode.github.io/tcp5/scudery_mortdecesar.xml	https://catalogue.bnf.fr/ark:/12148/cb313417528	https://gallica.bnf.fr/ark:/12148/bpt6k71623z
SCUDERY_MORTDECESAR	1	Scythie	Scythie	Région	Orient	Asie	42.5, 27.5	https://pleiades.stoa.org/places/991379		Scudéry, Georges de	La Mort de César	Tragédie	1636	30	1637	30	http://dramacode.github.io/tcp5/scudery_mortdecesar.xml	https://catalogue.bnf.fr/ark:/12148/cb313417528	https://gallica.bnf.fr/ark:/12148/bpt6k71623z
SCUDERY_MORTDECESAR	1	Antium	Anzio	Ville	Italie	Europe	41.44795, 12.628995	https://pleiades.stoa.org/places/422837		Scudéry, Georges de	La Mort de César	Tragédie	1636	30	1637	30	http://dramacode.github.io/tcp5/scudery_mortdecesar.xml	https://catalogue.bnf.fr/ark:/12148/cb313417528	https://gallica.bnf.fr/ark:/12148/bpt6k71623z
SCUDERY_MORTDECESAR	1	Libye	Libya	Pays	Afrique	Afrique	28.9188417513, 22.0840920328	https://pleiades.stoa.org/places/991375	Bon id?	Scudéry, Georges de	La Mort de César	Tragédie	1636	30	1637	30	http://dramacode.github.io/tcp5/scudery_mortdecesar.xml	https://catalogue.bnf.fr/ark:/12148/cb313417528	https://gallica.bnf.fr/ark:/12148/bpt6k71623z
SCUDERY_MORTDECESAR	1	Arabie	Arabia	Région	Orient	Asie	27.5, 42.5	https://pleiades.stoa.org/places/29475		Scudéry, Georges de	La Mort de César	Tragédie	1636	30	1637	30	http://dramacode.github.io/tcp5/scudery_mortdecesar.xml	https://catalogue.bnf.fr/ark:/12148/cb313417528	https://gallica.bnf.fr/ark:/12148/bpt6k71623z
SCUDERY_MORTDECESAR	2	Afrique	Africa	Continent		Afrique	32.5, 7.5	https://pleiades.stoa.org/places/775		Scudéry, Georges de	La Mort de César	Tragédie	1636	30	1637	30	http://dramacode.github.io/tcp5/scudery_mortdecesar.xml	https://catalogue.bnf.fr/ark:/12148/cb313417528	https://gallica.bnf.fr/ark:/12148/bpt6k71623z
SCUDERY_MORTDECESAR	1	Grande-Bretagne	Great-Britain	Pays	Grande-Bretagne	Europe	54.75844, -2.69531	http://www.geonames.org/2635167		Scudéry, Georges de	La Mort de César	Tragédie	1636	30	1637	30	http://dramacode.github.io/tcp5/scudery_mortdecesar.xml	https://catalogue.bnf.fr/ark:/12148/cb313417528	https://gallica.bnf.fr/ark:/12148/bpt6k71623z
SCUDERY_MORTDECESAR	1	Espagne	Spain	Pays	Péninsule Ibérique	Europe	40, -4	http://www.geonames.org/2510769		Scudéry, Georges de	La Mort de César	Tragédie	1636	30	1637	30	http://dramacode.github.io/tcp5/scudery_mortdecesar.xml	https://catalogue.bnf.fr/ark:/12148/cb313417528	https://gallica.bnf.fr/ark:/12148/bpt6k71623z
SCUDERY_MORTDECESAR	1	Grèce	Greece	Pays	Grèce	Europe	39, 22	http://www.geonames.org/390903		Scudéry, Georges de	La Mort de César	Tragédie	1636	30	1637	30	http://dramacode.github.io/tcp5/scudery_mortdecesar.xml	https://catalogue.bnf.fr/ark:/12148/cb313417528	https://gallica.bnf.fr/ark:/12148/bpt6k71623z
SCUDERY_MORTDECESAR	1	Égypte	Egypt	Pays	Afrique	Afrique	27, 30	http://www.geonames.org/357994		Scudéry, Georges de	La Mort de César	Tragédie	1636	30	1637	30	http://dramacode.github.io/tcp5/scudery_mortdecesar.xml	https://catalogue.bnf.fr/ark:/12148/cb313417528	https://gallica.bnf.fr/ark:/12148/bpt6k71623z
SCUDERY_MORTDECESAR	1	Germanie	Germania	Pays	Allemagne	Europe	52.5, 7.5	https://pleiades.stoa.org/places/20468		Scudéry, Georges de	La Mort de César	Tragédie	1636	30	1637	30	http://dramacode.github.io/tcp5/scudery_mortdecesar.xml	https://catalogue.bnf.fr/ark:/12148/cb313417528	https://gallica.bnf.fr/ark:/12148/bpt6k71623z
																			
SCUDERY_ORANTE	5	Pise	Pisa	Ville	Italie	Europe	43.70853, 10.4036	http://www.geonames.org/3170647		Scudéry, Georges de	Orante	Tragi-comédie			1636	30	http://dramacode.github.io/bibdramatique/scudery_orante.xml	https://catalogue.bnf.fr/ark:/12148/cb360398455	https://catalogue.bnf.fr/ark:/12148/cb360398455
SCUDERY_ORANTE	8	Naples	Naples	Ville	Italie	Europe	40.85216, 14.26811	http://www.geonames.org/3172394		Scudéry, Georges de	Orante	Tragi-comédie			1636	30	http://dramacode.github.io/bibdramatique/scudery_orante.xml	https://catalogue.bnf.fr/ark:/12148/cb360398455	https://catalogue.bnf.fr/ark:/12148/cb360398455
SCUDERY_ORANTE	2	Florence	Florence	Ville	Italie	Europe	43.77925, 11.24626	http://www.geonames.org/3176959		Scudéry, Georges de	Orante	Tragi-comédie			1636	30	http://dramacode.github.io/bibdramatique/scudery_orante.xml	https://catalogue.bnf.fr/ark:/12148/cb360398455	https://catalogue.bnf.fr/ark:/12148/cb360398455
SCUDERY_ORANTE	1	Gange	Ganges	Fleuve	Extrême-Orient	Asie	23.36667, 90.53333	http://www.geonames.org/1202950		Scudéry, Georges de	Orante	Tragi-comédie			1636	30	http://dramacode.github.io/bibdramatique/scudery_orante.xml	https://catalogue.bnf.fr/ark:/12148/cb360398455	https://catalogue.bnf.fr/ark:/12148/cb360398455
SCUDERY_ORANTE	1	Osse	Ossa	Montagne	Grèce	Europe	39.7957751, 22.6851958	https://pleiades.stoa.org/places/540993		Scudéry, Georges de	Orante	Tragi-comédie			1636	30	http://dramacode.github.io/bibdramatique/scudery_orante.xml	https://catalogue.bnf.fr/ark:/12148/cb360398455	https://catalogue.bnf.fr/ark:/12148/cb360398455
SCUDERY_ORANTE	1	Pélion	Pelion	Montagne	Grèce	Europe	39.25, 23.25	https://pleiades.stoa.org/places/541021		Scudéry, Georges de	Orante	Tragi-comédie			1636	30	http://dramacode.github.io/bibdramatique/scudery_orante.xml	https://catalogue.bnf.fr/ark:/12148/cb360398455	https://catalogue.bnf.fr/ark:/12148/cb360398455
SCUDERY_ORANTE	1	France	France	Pays	France	Europe	46, 2	http://www.geonames.org/3017382		Scudéry, Georges de	Orante	Tragi-comédie			1636	30	http://dramacode.github.io/bibdramatique/scudery_orante.xml	https://catalogue.bnf.fr/ark:/12148/cb360398455	https://catalogue.bnf.fr/ark:/12148/cb360398455
SCUDERY_ORANTE	1	Troie	Troy	Ville	Anatolie	Asie	39.9574327844, 26.2384586227	https://pleiades.stoa.org/places/550595		Scudéry, Georges de	Orante	Tragi-comédie			1636	30	http://dramacode.github.io/bibdramatique/scudery_orante.xml	https://catalogue.bnf.fr/ark:/12148/cb360398455	https://catalogue.bnf.fr/ark:/12148/cb360398455
SCUDERY_ORANTE	1	Pouzzole	Pozzuoli	Ville	Italie	Europe	40.84394, 14.0952	http://www.geonames.org/3169984		Scudéry, Georges de	Orante	Tragi-comédie			1636	30	http://dramacode.github.io/bibdramatique/scudery_orante.xml	https://catalogue.bnf.fr/ark:/12148/cb360398455	https://catalogue.bnf.fr/ark:/12148/cb360398455
SCUDERY_ORANTE	1	Italie	Italy	Pays	Italie	Europe	42.83333, 12.83333	http://www.geonames.org/3175395		Scudéry, Georges de	Orante	Tragi-comédie			1636	30	http://dramacode.github.io/bibdramatique/scudery_orante.xml	https://catalogue.bnf.fr/ark:/12148/cb360398455	https://catalogue.bnf.fr/ark:/12148/cb360398455
																			
SCUDERY_PRINCEDEGUISE	4	Sicile	Sicily	Région	Italie	Europe	37.75, 14.25	http://www.geonames.org/2523119		Scudéry, Georges de	Le Prince déguisé	Tragi-comédie	1635	30	1636	30	http://dramacode.github.io/tcp5/scudery_princedeguise.xml	https://catalogue.bnf.fr/ark:/12148/cb313417570	https://gallica.bnf.fr/ark:/12148/bpt6k5620674c
SCUDERY_PRINCEDEGUISE	2	Naples	Naples	Ville	Italie	Europe	40.85216, 14.26811	http://www.geonames.org/3172394		Scudéry, Georges de	Le Prince déguisé	Tragi-comédie	1635	30	1636	30	http://dramacode.github.io/tcp5/scudery_princedeguise.xml	https://catalogue.bnf.fr/ark:/12148/cb313417570	https://gallica.bnf.fr/ark:/12148/bpt6k5620674c
SCUDERY_PRINCEDEGUISE	1	Europe	Europa	Continent		Europe	48.69096, 9.14062	http://www.geonames.org/6255148		Scudéry, Georges de	Le Prince déguisé	Tragi-comédie	1635	30	1636	30	http://dramacode.github.io/tcp5/scudery_princedeguise.xml	https://catalogue.bnf.fr/ark:/12148/cb313417570	https://gallica.bnf.fr/ark:/12148/bpt6k5620674c
SCUDERY_PRINCEDEGUISE	1	Messine	Messina	Ville	Italie	Europe	38.19394, 15.55256	http://www.geonames.org/2524170		Scudéry, Georges de	Le Prince déguisé	Tragi-comédie	1635	30	1636	30	http://dramacode.github.io/tcp5/scudery_princedeguise.xml	https://catalogue.bnf.fr/ark:/12148/cb313417570	https://gallica.bnf.fr/ark:/12148/bpt6k5620674c
SCUDERY_PRINCEDEGUISE	1	Etna	Etna	Montagne	Italie	Europe	37.75029, 14.99466	http://www.geonames.org/2524810		Scudéry, Georges de	Le Prince déguisé	Tragi-comédie	1635	30	1636	30	http://dramacode.github.io/tcp5/scudery_princedeguise.xml	https://catalogue.bnf.fr/ark:/12148/cb313417570	https://gallica.bnf.fr/ark:/12148/bpt6k5620674c
SCUDERY_PRINCEDEGUISE	1	Vésuve	Mount Vesuvius	Montagne	Italie	Europe	40.82293, 14.42874	http://www.geonames.org/3164481		Scudéry, Georges de	Le Prince déguisé	Tragi-comédie	1635	30	1636	30	http://dramacode.github.io/tcp5/scudery_princedeguise.xml	https://catalogue.bnf.fr/ark:/12148/cb313417570	https://gallica.bnf.fr/ark:/12148/bpt6k5620674c
SCUDERY_PRINCEDEGUISE	1	Palerme	Palermo	Ville	Italie	Europe	38.13205, 13.33561	http://www.geonames.org/2523920		Scudéry, Georges de	Le Prince déguisé	Tragi-comédie	1635	30	1636	30	http://dramacode.github.io/tcp5/scudery_princedeguise.xml	https://catalogue.bnf.fr/ark:/12148/cb313417570	https://gallica.bnf.fr/ark:/12148/bpt6k5620674c
SCUDERY_PRINCEDEGUISE	2	Grèce	Greece	Pays	Grèce	Europe	39, 22	http://www.geonames.org/390903		Scudéry, Georges de	Le Prince déguisé	Tragi-comédie	1635	30	1636	30	http://dramacode.github.io/tcp5/scudery_princedeguise.xml	https://catalogue.bnf.fr/ark:/12148/cb313417570	https://gallica.bnf.fr/ark:/12148/bpt6k5620674c
SCUDERY_PRINCEDEGUISE	1	Italie	Italy	Pays	Italie	Europe	42.83333, 12.83333	http://www.geonames.org/3175395		Scudéry, Georges de	Le Prince déguisé	Tragi-comédie	1635	30	1636	30	http://dramacode.github.io/tcp5/scudery_princedeguise.xml	https://catalogue.bnf.fr/ark:/12148/cb313417570	https://gallica.bnf.fr/ark:/12148/bpt6k5620674c
SCUDERY_PRINCEDEGUISE	1	Gaule	Gaul	Pays	France	Europe	45.57717715, 2.49095881905	https://pleiades.stoa.org/places/993		Scudéry, Georges de	Le Prince déguisé	Tragi-comédie	1635	30	1636	30	http://dramacode.github.io/tcp5/scudery_princedeguise.xml	https://catalogue.bnf.fr/ark:/12148/cb313417570	https://gallica.bnf.fr/ark:/12148/bpt6k5620674c
SCUDERY_PRINCEDEGUISE	1	Averne	Avernus	Lac	Italie	Europe	40.838333, 14.075	https://pleiades.stoa.org/places/432712		Scudéry, Georges de	Le Prince déguisé	Tragi-comédie	1635	30	1636	30	http://dramacode.github.io/tcp5/scudery_princedeguise.xml	https://catalogue.bnf.fr/ark:/12148/cb313417570	https://gallica.bnf.fr/ark:/12148/bpt6k5620674c
																			
SCUDERY_VASSALGENEREUX	1	Gaule armorique	Brittany	Région	France	Europe	48.5, -3.5	https://pleiades.stoa.org/places/69467		Scudéry, Georges de	Le Vassal généreux	Tragi-comédie			1636	30	http://dramacode.github.io/bibdramatique/scudery_vassalgenereux.xml	https://catalogue.bnf.fr/ark:/12148/cb31341762k	
SCUDERY_VASSALGENEREUX	1	Reims	Reims	Ville	France	Europe	49.25, 4.03333	http://www.geonames.org/2984114		Scudéry, Georges de	Le Vassal généreux	Tragi-comédie			1636	30	http://dramacode.github.io/bibdramatique/scudery_vassalgenereux.xml	https://catalogue.bnf.fr/ark:/12148/cb31341762k	
SCUDERY_VASSALGENEREUX	3	Paris	Paris	Ville	France	Europe	48.85341, 2.3488	http://www.geonames.org/2988507		Scudéry, Georges de	Le Vassal généreux	Tragi-comédie			1636	30	http://dramacode.github.io/bibdramatique/scudery_vassalgenereux.xml	https://catalogue.bnf.fr/ark:/12148/cb31341762k	
SCUDERY_VASSALGENEREUX	2	France	France	Pays	France	Europe	46, 2	http://www.geonames.org/3017382		Scudéry, Georges de	Le Vassal généreux	Tragi-comédie			1636	30	http://dramacode.github.io/bibdramatique/scudery_vassalgenereux.xml	https://catalogue.bnf.fr/ark:/12148/cb31341762k	
SCUDERY_VASSALGENEREUX	1	Gaules	Gaul	Pays	France	Europe	45.57717715, 2.49095881905	https://pleiades.stoa.org/places/993		Scudéry, Georges de	Le Vassal généreux	Tragi-comédie			1636	30	http://dramacode.github.io/bibdramatique/scudery_vassalgenereux.xml	https://catalogue.bnf.fr/ark:/12148/cb31341762k	
